tcr_id,cdr1a-cdr1b__dslf_fa13,cdr1a-cdr1b__fa_atr,cdr1a-cdr1b__fa_dun,cdr1a-cdr1b__fa_elec,cdr1a-cdr1b__fa_intra_rep,cdr1a-cdr1b__fa_intra_sol_xover4,cdr1a-cdr1b__fa_rep,cdr1a-cdr1b__fa_sol,cdr1a-cdr1b__hbond_bb_sc,cdr1a-cdr1b__hbond_lr_bb,cdr1a-cdr1b__hbond_sc,cdr1a-cdr1b__hbond_sr_bb,cdr1a-cdr1b__lk_ball_wtd,cdr1a-cdr1b__omega,cdr1a-cdr1b__p_aa_pp,cdr1a-cdr1b__pro_close,cdr1a-cdr1b__rama_prepro,cdr1a-cdr1b__ref,cdr1a-cdr1b__total,cdr1a-cdr1b__yhh_planarity,cdr1a-cdr3b__dslf_fa13,cdr1a-cdr3b__fa_atr,cdr1a-cdr3b__fa_dun,cdr1a-cdr3b__fa_elec,cdr1a-cdr3b__fa_intra_rep,cdr1a-cdr3b__fa_intra_sol_xover4,cdr1a-cdr3b__fa_rep,cdr1a-cdr3b__fa_sol,cdr1a-cdr3b__hbond_bb_sc,cdr1a-cdr3b__hbond_lr_bb,cdr1a-cdr3b__hbond_sc,cdr1a-cdr3b__hbond_sr_bb,cdr1a-cdr3b__lk_ball_wtd,cdr1a-cdr3b__omega,cdr1a-cdr3b__p_aa_pp,cdr1a-cdr3b__pro_close,cdr1a-cdr3b__rama_prepro,cdr1a-cdr3b__ref,cdr1a-cdr3b__total,cdr1a-cdr3b__yhh_planarity,cdr1a__dslf_fa13,cdr1a__fa_atr,cdr1a__fa_dun,cdr1a__fa_elec,cdr1a__fa_intra_rep,cdr1a__fa_intra_sol_xover4,cdr1a__fa_rep,cdr1a__fa_sol,cdr1a__hbond_bb_sc,cdr1a__hbond_lr_bb,cdr1a__hbond_sc,cdr1a__hbond_sr_bb,cdr1a__lk_ball_wtd,cdr1a__omega,cdr1a__p_aa_pp,cdr1a__pro_close,cdr1a__rama_prepro,cdr1a__ref,cdr1a__total,cdr1a__yhh_planarity,cdr1b__dslf_fa13,cdr1b__fa_atr,cdr1b__fa_dun,cdr1b__fa_elec,cdr1b__fa_intra_rep,cdr1b__fa_intra_sol_xover4,cdr1b__fa_rep,cdr1b__fa_sol,cdr1b__hbond_bb_sc,cdr1b__hbond_lr_bb,cdr1b__hbond_sc,cdr1b__hbond_sr_bb,cdr1b__lk_ball_wtd,cdr1b__omega,cdr1b__p_aa_pp,cdr1b__pro_close,cdr1b__rama_prepro,cdr1b__ref,cdr1b__total,cdr1b__yhh_planarity,cdr2a__dslf_fa13,cdr2a__fa_atr,cdr2a__fa_dun,cdr2a__fa_elec,cdr2a__fa_intra_rep,cdr2a__fa_intra_sol_xover4,cdr2a__fa_rep,cdr2a__fa_sol,cdr2a__hbond_bb_sc,cdr2a__hbond_lr_bb,cdr2a__hbond_sc,cdr2a__hbond_sr_bb,cdr2a__lk_ball_wtd,cdr2a__omega,cdr2a__p_aa_pp,cdr2a__pro_close,cdr2a__rama_prepro,cdr2a__ref,cdr2a__total,cdr2a__yhh_planarity,cdr2b__dslf_fa13,cdr2b__fa_atr,cdr2b__fa_dun,cdr2b__fa_elec,cdr2b__fa_intra_rep,cdr2b__fa_intra_sol_xover4,cdr2b__fa_rep,cdr2b__fa_sol,cdr2b__hbond_bb_sc,cdr2b__hbond_lr_bb,cdr2b__hbond_sc,cdr2b__hbond_sr_bb,cdr2b__lk_ball_wtd,cdr2b__omega,cdr2b__p_aa_pp,cdr2b__pro_close,cdr2b__rama_prepro,cdr2b__ref,cdr2b__total,cdr2b__yhh_planarity,cdr3a-cdr1b__dslf_fa13,cdr3a-cdr1b__fa_atr,cdr3a-cdr1b__fa_dun,cdr3a-cdr1b__fa_elec,cdr3a-cdr1b__fa_intra_rep,cdr3a-cdr1b__fa_intra_sol_xover4,cdr3a-cdr1b__fa_rep,cdr3a-cdr1b__fa_sol,cdr3a-cdr1b__hbond_bb_sc,cdr3a-cdr1b__hbond_lr_bb,cdr3a-cdr1b__hbond_sc,cdr3a-cdr1b__hbond_sr_bb,cdr3a-cdr1b__lk_ball_wtd,cdr3a-cdr1b__omega,cdr3a-cdr1b__p_aa_pp,cdr3a-cdr1b__pro_close,cdr3a-cdr1b__rama_prepro,cdr3a-cdr1b__ref,cdr3a-cdr1b__total,cdr3a-cdr1b__yhh_planarity,cdr3a__dslf_fa13,cdr3a__fa_atr,cdr3a__fa_dun,cdr3a__fa_elec,cdr3a__fa_intra_rep,cdr3a__fa_intra_sol_xover4,cdr3a__fa_rep,cdr3a__fa_sol,cdr3a__hbond_bb_sc,cdr3a__hbond_lr_bb,cdr3a__hbond_sc,cdr3a__hbond_sr_bb,cdr3a__lk_ball_wtd,cdr3a__omega,cdr3a__p_aa_pp,cdr3a__pro_close,cdr3a__rama_prepro,cdr3a__ref,cdr3a__total,cdr3a__yhh_planarity,cdr3b__dslf_fa13,cdr3b__fa_atr,cdr3b__fa_dun,cdr3b__fa_elec,cdr3b__fa_intra_rep,cdr3b__fa_intra_sol_xover4,cdr3b__fa_rep,cdr3b__fa_sol,cdr3b__hbond_bb_sc,cdr3b__hbond_lr_bb,cdr3b__hbond_sc,cdr3b__hbond_sr_bb,cdr3b__lk_ball_wtd,cdr3b__omega,cdr3b__p_aa_pp,cdr3b__pro_close,cdr3b__rama_prepro,cdr3b__ref,cdr3b__total,cdr3b__yhh_planarity
hnncc_1000.pdb,0.0,-1.4889999999999999,0.0,-2.085,0.0,0.0,0.011,1.917,0.0,0.0,-4.319,0.0,1.0410000000000001,0.0,0.0,0.0,0.0,0.0,-4.923,0.0,0.0,-0.021,0.0,-0.03,0.0,0.0,0.0,0.035,0.0,0.0,0.0,0.0,-0.011,0.0,0.0,0.0,0.0,0.0,-0.027,0.0,0.0,0.0,65.472,0.0,0.18900000000000006,5.027,0.0,0.0,0.0,0.0,0.0,0.0,0.0,9.855,-3.181,0.9470000000000001,0.0,0.21599999999999914,79.01599999999999,0.484,0.0,0.0,59.34999999999999,0.0,0.18100000000000005,4.802,0.0,0.0,0.0,0.0,0.0,0.0,0.0,9.684999999999999,-2.987,0.665,0.0,2.408,74.22400000000002,0.122,0.0,0.0,70.533,0.0,0.193,5.402999999999999,0.0,0.0,0.0,0.0,0.0,0.0,0.0,4.428000000000001,-1.119,0.0,0.0,0.29499999999999904,79.74,0.005,0.0,0.0,60.171,0.0,0.157,5.424,0.0,0.0,0.0,0.0,0.0,0.0,0.0,19.953,-1.404,0.461,0.0,1.7300000000000002,86.49900000000001,0.0,0.0,-3.8940000000000006,0.0,-2.065,0.0,0.0,0.28,3.917,0.0,0.0,0.0,0.0,0.09099999999999997,0.0,0.0,0.0,0.0,0.0,-1.67,0.0,0.0,0.0,24.138,0.0,0.077,1.68,0.0,0.0,0.0,0.0,0.0,0.0,0.0,18.427999999999997,-1.7649999999999997,2.586,0.0,3.74,48.887,0.0,0.0,0.0,15.088000000000001,0.0,0.058,0.8230000000000001,0.0,0.0,0.0,0.0,0.0,0.0,0.0,4.818,-0.6599999999999999,0.0,0.0,9.664,29.789,0.0
hnncc_10000.pdb,0.0,-1.563,0.0,-2.409,0.0,0.0,0.034,2.1,0.0,0.0,-4.277,0.0,1.126,0.0,0.0,0.0,0.0,0.0,-4.99,0.0,0.0,-1.295,0.0,-0.26,0.0,0.0,0.132,0.017,0.0,0.0,0.0,0.0,-0.013000000000000001,0.0,0.0,0.0,0.0,0.0,-1.418,0.0,0.0,0.0,36.525,0.0,0.133,2.734,0.0,0.0,0.0,0.0,0.0,0.0,0.0,7.342,-3.5319999999999996,0.0,0.0,4.127,47.355000000000004,0.028,0.0,0.0,50.987,0.0,0.14900000000000002,6.051,0.0,0.0,0.0,0.0,0.0,0.0,0.0,6.627999999999998,-1.346,0.0,0.0,3.957,66.469,0.042,0.0,0.0,57.392,0.0,0.18800000000000006,3.5110000000000006,0.0,0.0,0.0,0.0,0.0,0.0,0.0,12.466000000000001,-4.787999999999999,0.0,0.0,6.045,75.19000000000001,0.374,0.0,0.0,49.84399999999999,0.0,0.13900000000000004,3.153,0.0,0.0,0.0,0.0,0.0,0.0,0.0,11.015,-0.16899999999999987,1.955,0.0,-0.49200000000000066,65.455,0.011,0.0,0.0,0.0,0.0,0.0,0.0,0.0,0.0,0.0,0.0,0.0,0.0,0.0,0.0,0.0,0.0,0.0,0.0,0.0,0.0,0.0,0.0,8.97,0.0,0.026,0.49,0.0,0.0,0.0,0.0,0.0,0.0,0.0,3.161,0.308,0.666,0.0,-0.05400000000000005,13.567,0.0,0.0,0.0,8.950999999999999,0.0,0.062,0.8399999999999999,0.0,0.0,0.0,0.0,0.0,0.0,0.0,2.7209999999999996,-1.8470000000000004,0.867,0.0,8.127,19.72,0.0
hnncc_10001.pdb,0.0,-1.5159999999999998,0.0,-2.09,0.0,0.0,0.012,1.994,0.0,0.0,-4.281,0.0,1.072,0.0,0.0,0.0,0.0,0.0,-4.81,0.0,0.0,-2.156,0.0,-1.6370000000000002,0.0,0.0,0.136,2.302,-0.267,0.0,0.0,0.0,0.31999999999999995,0.0,0.0,0.0,0.0,0.0,-1.304,0.0,0.0,0.0,45.461000000000006,0.0,0.14,3.0460000000000003,0.0,0.0,0.0,0.0,0.0,0.0,0.0,8.764999999999999,-2.7390000000000003,0.0,0.0,4.127,58.915,0.118,0.0,0.0,30.398000000000003,0.0,0.137,2.112,0.0,0.0,0.0,0.0,0.0,0.0,0.0,6.486000000000001,-4.26,0.573,0.0,8.401,44.065000000000005,0.218,0.0,0.0,65.89500000000001,0.0,0.18900000000000006,3.9879999999999995,0.0,0.0,0.0,0.0,0.0,0.0,0.0,10.777000000000001,-4.625000000000001,0.0,0.0,6.045,82.51299999999999,0.23500000000000001,0.0,0.0,44.467,0.0,0.11400000000000002,2.888,0.0,0.0,0.0,0.0,0.0,0.0,0.0,6.776000000000002,-2.7790000000000004,0.983,0.0,5.052,57.5,0.0,0.0,0.0,0.0,0.0,0.0,0.0,0.0,0.0,0.0,0.0,0.0,0.0,0.0,0.0,0.0,0.0,0.0,0.0,0.0,0.0,0.0,0.0,7.6530000000000005,0.0,0.046,0.542,0.0,0.0,0.0,0.0,0.0,0.0,0.0,4.232,0.8899999999999999,0.425,0.0,5.473999999999999,19.265,0.0,0.0,0.0,11.049,0.0,0.05899999999999999,0.9190000000000002,0.0,0.0,0.0,0.0,0.0,0.0,0.0,1.7070000000000003,-1.6860000000000002,0.624,0.0,6.819999999999999,19.491999999999997,0.0
hnncc_10002.pdb,0.0,-1.589,0.0,-2.468,0.0,0.0,0.066,2.178,0.0,0.0,-4.247,0.0,1.176,0.0,0.0,0.0,0.0,0.0,-4.8839999999999995,0.0,0.0,-3.7239999999999998,0.0,-2.7009999999999996,0.0,0.0,0.22899999999999998,4.247999999999999,-1.697,0.0,0.0,0.0,1.395,0.0,0.0,0.0,0.0,0.0,-2.2459999999999996,0.0,0.0,0.0,47.10399999999999,0.0,0.14800000000000002,3.649000000000001,0.0,0.0,0.0,0.0,0.0,0.0,0.0,16.233999999999998,-2.697,0.0,0.0,4.127,68.581,0.011,0.0,0.0,82.56,0.0,0.16800000000000004,3.038,0.0,0.0,0.0,0.0,0.0,0.0,0.0,15.724999999999998,-1.9550000000000005,1.639,0.0,11.601999999999999,112.78399999999999,0.006,0.0,0.0,59.65899999999999,0.0,0.18700000000000006,3.35,0.0,0.0,0.0,0.0,0.0,0.0,0.0,11.515999999999998,-5.2829999999999995,0.0,0.0,6.045,75.75099999999999,0.266,0.0,0.0,72.26799999999999,0.0,0.11900000000000001,4.261999999999999,0.0,0.0,0.0,0.0,0.0,0.0,0.0,28.796,4.149,0.46299999999999997,0.0,3.238,113.30100000000002,0.0,0.0,0.0,0.0,0.0,0.0,0.0,0.0,0.0,0.0,0.0,0.0,0.0,0.0,0.0,0.0,0.0,0.0,0.0,0.0,0.0,0.0,0.0,22.570999999999998,0.0,0.056,1.122,0.0,0.0,0.0,0.0,0.0,0.0,0.0,23.339999999999996,0.652,0.755,0.0,1.6559999999999995,50.152,0.0,0.0,0.0,19.575,0.0,0.062000000000000006,1.7329999999999997,0.0,0.0,0.0,0.0,0.0,0.0,0.0,3.657,-0.26,0.0,0.0,8.503,33.268,0.0
hnncc_10003.pdb,0.0,-1.5799999999999998,0.0,-2.149,0.0,0.0,0.037,2.086,0.0,0.0,-3.608,0.0,1.0810000000000002,0.0,0.0,0.0,0.0,0.0,-4.135,0.0,0.0,-8.276,0.0,-2.033,0.0,0.0,0.879,3.618,-1.287,0.0,0.0,0.0,-0.03500000000000003,0.0,0.0,0.0,0.0,0.0,-7.131999999999999,0.0,0.0,0.0,37.705000000000005,0.0,0.137,3.543,0.0,0.0,0.0,0.0,0.0,0.0,0.0,8.706999999999999,-1.2080000000000002,0.0,0.0,4.127,53.05000000000001,0.037,0.0,0.0,72.95700000000001,0.0,0.162,3.493,0.0,0.0,0.0,0.0,0.0,0.0,0.0,14.598,-1.4889999999999999,0.649,0.0,4.202,94.60800000000003,0.034,0.0,0.0,63.788,0.0,0.19800000000000004,3.98,0.0,0.0,0.0,0.0,0.0,0.0,0.0,12.133,-3.201,0.0,0.0,6.045,82.961,0.007,0.0,0.0,76.758,0.0,0.18000000000000005,5.074000000000002,0.0,0.0,0.0,0.0,0.0,0.0,0.0,67.82100000000001,0.27600000000000025,0.0,0.0,2.306999999999999,152.526,0.111,0.0,0.0,0.0,0.0,0.0,0.0,0.0,0.0,0.0,0.0,0.0,0.0,0.0,0.0,0.0,0.0,0.0,0.0,0.0,0.0,0.0,0.0,44.978,0.0,0.028,0.358,0.0,0.0,0.0,0.0,0.0,0.0,0.0,13.603,1.663,1.188,0.0,-0.05400000000000005,61.765,0.0,0.0,0.0,32.883,0.0,0.137,2.209,0.0,0.0,0.0,0.0,0.0,0.0,0.0,22.956000000000003,-1.4609999999999999,0.626,0.0,5.534,63.486000000000004,0.596
hnncc_10004.pdb,0.0,-1.537,0.0,-2.088,0.0,0.0,0.035,2.0269999999999997,0.0,0.0,-4.264,0.0,1.106,0.0,0.0,0.0,0.0,0.0,-4.721,0.0,0.0,-1.278,0.0,0.285,0.0,0.0,0.139,0.348,0.0,0.0,0.0,0.0,-0.12,0.0,0.0,0.0,0.0,0.0,-0.6260000000000001,0.0,0.0,0.0,39.541,0.0,0.13100000000000003,2.617,0.0,0.0,0.0,0.0,0.0,0.0,0.0,9.008999999999999,-4.718,0.0,0.0,4.127,50.77900000000001,0.068,0.0,0.0,45.227000000000004,0.0,0.14,5.050999999999999,0.0,0.0,0.0,0.0,0.0,0.0,0.0,9.235000000000001,-3.949,0.643,0.0,-2.786,53.69399999999999,0.13,0.0,0.0,63.906000000000006,0.0,0.18600000000000005,3.3340000000000005,0.0,0.0,0.0,0.0,0.0,0.0,0.0,12.761999999999999,-4.968000000000002,0.0,0.0,6.045,81.73599999999999,0.465,0.0,0.0,56.879,0.0,0.18,5.6530000000000005,0.0,0.0,0.0,0.0,0.0,0.0,0.0,10.087000000000002,-3.365,1.556,0.0,-2.1999999999999997,69.073,0.282,0.0,0.0,0.0,0.0,0.0,0.0,0.0,0.0,0.0,0.0,0.0,0.0,0.0,0.0,0.0,0.0,0.0,0.0,0.0,0.0,0.0,0.0,14.639,0.0,0.029999999999999995,1.944,0.0,0.0,0.0,0.0,0.0,0.0,0.0,11.126000000000001,0.748,0.758,0.0,0.9049999999999996,30.15,0.0,0.0,0.0,12.395999999999999,0.0,0.067,0.839,0.0,0.0,0.0,0.0,0.0,0.0,0.0,4.288,-2.64,0.686,0.0,7.328999999999999,22.965999999999998,0.0
hnncc_10005.pdb,0.0,-1.563,0.0,-2.3,0.0,0.0,0.058,2.157,0.0,0.0,-4.163,0.0,1.174,0.0,0.0,0.0,0.0,0.0,-4.638,0.0,0.0,-1.226,0.0,-1.971,0.0,0.0,0.04,1.537,-1.266,0.0,0.0,0.0,0.622,0.0,0.0,0.0,0.0,0.0,-2.263,0.0,0.0,0.0,34.357,0.0,0.13200000000000003,3.1470000000000002,0.0,0.0,0.0,0.0,0.0,0.0,0.0,6.659,-3.487999999999999,0.0,0.0,4.127,45.001,0.067,0.0,0.0,68.77799999999999,0.0,0.15,5.106999999999999,0.0,0.0,0.0,0.0,0.0,0.0,0.0,8.620999999999999,-3.638,0.731,0.0,-4.812000000000001,74.95,0.005,0.0,0.0,73.88499999999999,0.0,0.18600000000000005,3.8930000000000002,0.0,0.0,0.0,0.0,0.0,0.0,0.0,11.623,-4.733999999999998,0.0,0.0,6.045,91.282,0.378,0.0,0.0,113.744,0.0,0.193,5.499999999999998,0.0,0.0,0.0,0.0,0.0,0.0,0.0,12.201,-3.1710000000000003,1.433,0.0,-2.1460000000000012,127.75800000000002,0.002,0.0,0.0,0.0,0.0,0.0,0.0,0.0,0.0,0.0,0.0,0.0,0.0,0.0,0.0,0.0,0.0,0.0,0.0,0.0,0.0,0.0,0.0,11.433,0.0,0.039,0.38,0.0,0.0,0.0,0.0,0.0,0.0,0.0,16.269,-0.378,0.69,0.0,2.6610000000000005,31.093,0.0,0.0,0.0,10.367999999999999,0.0,0.052,0.919,0.0,0.0,0.0,0.0,0.0,0.0,0.0,1.646,-2.0999999999999996,0.0,0.0,8.463,19.35,0.0
hnncc_10006.pdb,0.0,-1.513,0.0,-2.1239999999999997,0.0,0.0,0.013,1.986,0.0,0.0,-4.458,0.0,1.07,0.0,0.0,0.0,0.0,0.0,-5.026,0.0,0.0,-2.0900000000000003,0.0,0.17700000000000002,0.0,0.0,0.53,0.379,0.0,0.0,0.0,0.0,-0.045000000000000005,0.0,0.0,0.0,0.0,0.0,-1.048,0.0,0.0,0.0,42.286,0.0,0.137,3.3799999999999994,0.0,0.0,0.0,0.0,0.0,0.0,0.0,3.595,-3.9659999999999993,0.0,0.0,4.127,49.556000000000004,0.0,0.0,0.0,77.116,0.0,0.20200000000000007,3.874,0.0,0.0,0.0,0.0,0.0,0.0,0.0,9.469999999999999,-2.1609999999999996,0.989,0.0,6.667,96.472,0.309,0.0,0.0,81.641,0.0,0.18700000000000006,3.902,0.0,0.0,0.0,0.0,0.0,0.0,0.0,7.5329999999999995,-5.4849999999999985,0.0,0.0,6.045,93.88000000000002,0.047,0.0,0.0,82.20399999999998,0.0,0.163,5.146,0.0,0.0,0.0,0.0,0.0,0.0,0.0,10.534000000000002,0.9850000000000001,1.073,0.0,-5.075000000000001,95.031,0.0,0.0,0.0,0.0,0.0,0.0,0.0,0.0,0.0,0.0,0.0,0.0,0.0,0.0,0.0,0.0,0.0,0.0,0.0,0.0,0.0,0.0,0.0,14.922,0.0,0.033,0.354,0.0,0.0,0.0,0.0,0.0,0.0,0.0,15.917,1.009,3.525,0.0,-0.05400000000000005,35.706,0.0,0.0,0.0,13.796999999999997,0.0,0.061,0.7680000000000001,0.0,0.0,0.0,0.0,0.0,0.0,0.0,5.447,-1.2880000000000003,0.0,0.0,9.653,28.436,0.0
hnncc_10007.pdb,0.0,-1.6129999999999998,0.0,-2.008,0.0,0.0,0.042,2.1399999999999997,0.0,0.0,-3.498,0.0,1.1010000000000002,0.0,0.0,0.0,0.0,0.0,-3.836,0.0,0.0,-3.271,0.0,-0.101,0.0,0.0,0.43700000000000006,-0.31800000000000006,0.0,0.0,0.0,0.0,-0.035,0.0,0.0,0.0,0.0,0.0,-3.29,0.0,0.0,0.0,32.050000000000004,0.0,0.13000000000000003,2.617,0.0,0.0,0.0,0.0,0.0,0.0,0.0,6.1610000000000005,-3.863,0.0,0.0,4.127,41.266999999999996,0.043,0.0,0.0,41.227,0.0,0.16500000000000004,3.497,0.0,0.0,0.0,0.0,0.0,0.0,0.0,3.587,-0.3410000000000002,0.666,0.0,4.202,53.02199999999999,0.018,0.0,0.0,67.29300000000002,0.0,0.18900000000000006,3.4410000000000003,0.0,0.0,0.0,0.0,0.0,0.0,0.0,9.747,-4.049,0.0,0.0,6.045,82.98399999999998,0.31,0.0,0.0,59.291,0.0,0.204,5.132000000000001,0.0,0.0,0.0,0.0,0.0,0.0,0.0,43.24,0.817,0.0,0.0,2.306999999999999,111.105,0.11,0.0,0.0,0.0,0.0,0.0,0.0,0.0,0.0,0.0,0.0,0.0,0.0,0.0,0.0,0.0,0.0,0.0,0.0,0.0,0.0,0.0,0.0,68.281,0.0,0.038000000000000006,1.096,0.0,0.0,0.0,0.0,0.0,0.0,0.0,47.975,1.722,2.396,0.0,-0.05400000000000005,121.45500000000001,0.0,0.0,0.0,18.898999999999997,0.0,0.082,1.274,0.0,0.0,0.0,0.0,0.0,0.0,0.0,6.545,-2.3400000000000003,0.0,0.0,9.139,33.599000000000004,0.0
hnncc_10008.pdb,0.0,-1.5030000000000001,0.0,-2.238,0.0,0.0,0.021,1.979,0.0,0.0,-4.441,0.0,1.078,0.0,0.0,0.0,0.0,0.0,-5.1049999999999995,0.0,0.0,-1.757,0.0,-0.25400000000000006,0.0,0.0,0.067,2.3649999999999998,0.0,0.0,-0.658,0.0,0.303,0.0,0.0,0.0,0.0,0.0,0.06600000000000004,0.0,0.0,0.0,30.837,0.0,0.12900000000000003,3.6559999999999997,0.0,0.0,0.0,0.0,0.0,0.0,0.0,8.403999999999998,-5.035999999999999,0.0,0.0,4.127,42.122,0.003,0.0,0.0,47.522999999999996,0.0,0.132,5.335000000000001,0.0,0.0,0.0,0.0,0.0,0.0,0.0,5.344,-2.1050000000000004,0.47,0.0,-2.2110000000000003,54.617,0.13,0.0,0.0,60.54700000000001,0.0,0.18600000000000005,3.2980000000000005,0.0,0.0,0.0,0.0,0.0,0.0,0.0,10.447,-3.679,0.0,0.0,6.045,77.294,0.443,0.0,0.0,51.602,0.0,0.171,4.859,0.0,0.0,0.0,0.0,0.0,0.0,0.0,12.414,-2.841,1.245,0.0,-0.6890000000000007,66.96,0.197,0.0,0.0,0.0,0.0,0.0,0.0,0.0,0.0,0.0,0.0,0.0,0.0,0.0,0.0,0.0,0.0,0.0,0.0,0.0,0.0,0.0,0.0,58.45399999999999,0.0,0.033,0.368,0.0,0.0,0.0,0.0,0.0,0.0,0.0,13.266,1.157,1.211,0.0,-0.05400000000000005,74.434,0.0,0.0,0.0,17.417000000000005,0.0,0.063,1.608,0.0,0.0,0.0,0.0,0.0,0.0,0.0,5.068,-1.6320000000000001,0.0,0.0,7.123,29.648000000000003,0.0
hnncc_10009.pdb,0.0,-1.525,0.0,-2.281,0.0,0.0,0.018,2.019,0.0,0.0,-4.351,0.0,1.088,0.0,0.0,0.0,0.0,0.0,-5.033,0.0,0.0,-3.0589999999999997,0.0,0.144,0.0,0.0,0.176,-0.643,0.0,0.0,0.0,0.0,-0.241,0.0,0.0,0.0,0.0,0.0,-3.622,0.0,0.0,0.0,39.253,0.0,0.128,3.2550000000000003,0.0,0.0,0.0,0.0,0.0,0.0,0.0,10.536,-1.97,0.0,0.0,4.127,55.40800000000001,0.072,0.0,0.0,33.605,0.0,0.126,2.229,0.0,0.0,0.0,0.0,0.0,0.0,0.0,5.210999999999999,-2.299,1.099,0.0,6.606,46.581,0.002,0.0,0.0,73.90799999999999,0.0,0.19900000000000007,3.437,0.0,0.0,0.0,0.0,0.0,0.0,0.0,15.132,-3.355,0.0,0.0,6.045,95.67499999999998,0.299,0.0,0.0,58.556,0.0,0.15500000000000003,5.756,0.0,0.0,0.0,0.0,0.0,0.0,0.0,15.662000000000003,-3.419,1.3319999999999999,0.0,-6.668000000000001,71.40800000000002,0.031,0.0,0.0,0.0,0.0,0.0,0.0,0.0,0.0,0.0,0.0,0.0,0.0,0.0,0.0,0.0,0.0,0.0,0.0,0.0,0.0,0.0,0.0,40.2,0.0,0.07500000000000001,0.968,0.0,0.0,0.0,0.0,0.0,0.0,0.0,4.813,-0.771,1.639,0.0,4.025999999999999,50.95099999999999,0.0,0.0,0.0,18.23,0.0,0.08099999999999999,1.3980000000000001,0.0,0.0,0.0,0.0,0.0,0.0,0.0,4.0889999999999995,-2.315,0.895,0.0,9.344999999999999,31.723,0.0
hnncc_1001.pdb,0.0,-1.678,0.0,-2.053,0.0,0.0,0.221,2.354,0.0,0.0,-3.54,0.0,1.328,0.0,0.0,0.0,0.0,0.0,-3.368,0.0,0.0,-7.550000000000001,0.0,-4.529,0.0,0.0,0.40700000000000003,5.132,-3.416,0.0,0.0,0.0,1.048,0.0,0.0,0.0,0.0,0.0,-8.906,0.0,0.0,0.0,81.091,0.0,0.19800000000000006,5.455999999999999,0.0,0.0,0.0,0.0,0.0,0.0,0.0,51.53000000000001,-0.18700000000000006,1.605,0.0,0.21599999999999914,140.29099999999997,0.378,0.0,0.0,80.588,0.0,0.168,3.151,0.0,0.0,0.0,0.0,0.0,0.0,0.0,50.536,0.11699999999999999,1.188,0.0,4.202,140.15499999999997,0.205,0.0,0.0,68.15299999999999,0.0,0.19400000000000003,5.789000000000001,0.0,0.0,0.0,0.0,0.0,0.0,0.0,13.548,-1.876,0.0,0.0,0.29499999999999904,86.14600000000004,0.042,0.0,0.0,111.53100000000002,0.0,0.20000000000000004,6.25,0.0,0.0,0.0,0.0,0.0,0.0,0.0,34.9,4.172999999999999,0.0,0.0,2.306999999999999,159.43200000000004,0.069,0.0,-0.626,0.0,0.364,0.0,0.0,0.0,0.748,0.0,0.0,0.0,0.0,-0.151,0.0,0.0,0.0,0.0,0.0,0.33399999999999996,0.0,0.0,0.0,48.135,0.0,0.064,1.2160000000000002,0.0,0.0,0.0,0.0,0.0,0.0,0.0,9.1,-1.5330000000000004,0.48,0.0,10.059999999999999,67.519,0.0,0.0,0.0,33.525000000000006,0.0,0.128,2.7159999999999997,0.0,0.0,0.0,0.0,0.0,0.0,0.0,10.880999999999998,0.13099999999999967,0.946,0.0,7.411999999999999,55.755999999999986,0.016
hnncc_10010.pdb,0.0,-1.473,0.0,-1.968,0.0,0.0,0.012,1.962,0.0,0.0,-4.591,0.0,1.057,0.0,0.0,0.0,0.0,0.0,-5.002,0.0,0.0,-2.639,0.0,-2.708,0.0,0.0,0.152,2.086,-1.456,0.0,0.0,0.0,0.813,0.0,0.0,0.0,0.0,0.0,-3.753,0.0,0.0,0.0,38.150000000000006,0.0,0.12900000000000003,2.7260000000000004,0.0,0.0,0.0,0.0,0.0,0.0,0.0,5.565000000000001,-4.696,0.0,0.0,4.127,46.05799999999999,0.056,0.0,0.0,25.48,0.0,0.135,2.019,0.0,0.0,0.0,0.0,0.0,0.0,0.0,1.6269999999999998,-4.908,0.654,0.0,8.401,33.462,0.044,0.0,0.0,58.92599999999999,0.0,0.19000000000000006,3.8999999999999995,0.0,0.0,0.0,0.0,0.0,0.0,0.0,5.726000000000001,-5.000000000000001,0.0,0.0,6.045,70.035,0.24,0.0,0.0,45.201,0.0,0.12,3.1950000000000003,0.0,0.0,0.0,0.0,0.0,0.0,0.0,4.422000000000001,-2.749999999999999,1.313,0.0,5.052,56.561,0.0,0.0,0.0,0.0,0.0,0.0,0.0,0.0,0.0,0.0,0.0,0.0,0.0,0.0,0.0,0.0,0.0,0.0,0.0,0.0,0.0,0.0,0.0,12.479000000000001,0.0,0.04,0.935,0.0,0.0,0.0,0.0,0.0,0.0,0.0,11.616,1.24,4.553,0.0,-0.05400000000000005,30.807999999999996,0.0,0.0,0.0,14.498000000000001,0.0,0.06,0.8510000000000001,0.0,0.0,0.0,0.0,0.0,0.0,0.0,3.739,-0.869,0.671,0.0,8.127,27.079,0.0
hnncc_10011.pdb,0.0,-1.5479999999999998,0.0,-2.028,0.0,0.0,0.029,2.031,0.0,0.0,-3.838,0.0,1.0770000000000002,0.0,0.0,0.0,0.0,0.0,-4.277,0.0,0.0,-3.0170000000000003,0.0,-0.22299999999999998,0.0,0.0,0.599,-0.5459999999999999,0.0,0.0,0.0,0.0,-0.14100000000000001,0.0,0.0,0.0,0.0,0.0,-3.329,0.0,0.0,0.0,30.93,0.0,0.13500000000000004,3.551,0.0,0.0,0.0,0.0,0.0,0.0,0.0,12.699000000000002,-2.3680000000000003,0.0,0.0,4.127,49.12299999999999,0.046,0.0,0.0,37.721999999999994,0.0,0.166,3.382,0.0,0.0,0.0,0.0,0.0,0.0,0.0,5.007000000000001,-0.18299999999999994,0.659,0.0,4.202,51.004000000000005,0.048,0.0,0.0,59.167,0.0,0.18800000000000006,3.387,0.0,0.0,0.0,0.0,0.0,0.0,0.0,10.199999999999998,-4.528999999999999,0.0,0.0,6.045,74.821,0.35700000000000004,0.0,0.0,120.107,0.0,0.19900000000000007,7.106000000000001,0.0,0.0,0.0,0.0,0.0,0.0,0.0,67.918,1.161,0.0,0.0,2.306999999999999,198.987,0.184,0.0,0.0,0.0,0.0,0.0,0.0,0.0,0.0,0.0,0.0,0.0,0.0,0.0,0.0,0.0,0.0,0.0,0.0,0.0,0.0,0.0,0.0,23.207,0.0,0.028,0.418,0.0,0.0,0.0,0.0,0.0,0.0,0.0,14.817,1.4080000000000001,1.811,0.0,-0.05400000000000005,41.635000000000005,0.0,0.0,0.0,22.564,0.0,0.088,1.6199999999999997,0.0,0.0,0.0,0.0,0.0,0.0,0.0,4.478999999999999,-1.442,0.0,0.0,10.518999999999998,37.829,0.0
hnncc_10012.pdb,0.0,-1.5799999999999998,0.0,-2.1519999999999997,0.0,0.0,0.029,2.085,0.0,0.0,-3.806,0.0,1.119,0.0,0.0,0.0,0.0,0.0,-4.303999999999999,0.0,0.0,-4.244999999999999,0.0,0.13599999999999998,0.0,0.0,0.6779999999999999,0.05300000000000013,0.0,0.0,0.0,0.0,-0.406,0.0,0.0,0.0,0.0,0.0,-3.7860000000000005,0.0,0.0,0.0,45.00399999999999,0.0,0.13400000000000004,3.4219999999999997,0.0,0.0,0.0,0.0,0.0,0.0,0.0,8.191000000000003,-1.6720000000000002,0.0,0.0,4.127,59.247,0.041,0.0,0.0,69.622,0.0,0.18500000000000003,4.749,0.0,0.0,0.0,0.0,0.0,0.0,0.0,6.813999999999998,-1.127,0.668,0.0,4.202,85.16,0.043,0.0,0.0,62.831999999999994,0.0,0.19500000000000003,4.48,0.0,0.0,0.0,0.0,0.0,0.0,0.0,9.284,-4.455,0.0,0.0,6.045,78.429,0.044,0.0,0.0,59.184,0.0,0.18000000000000005,5.1080000000000005,0.0,0.0,0.0,0.0,0.0,0.0,0.0,20.453,-2.0020000000000002,0.0,0.0,2.306999999999999,85.39099999999999,0.156,0.0,0.0,0.0,0.0,0.0,0.0,0.0,0.0,0.0,0.0,0.0,0.0,0.0,0.0,0.0,0.0,0.0,0.0,0.0,0.0,0.0,0.0,17.253,0.0,0.038000000000000006,0.895,0.0,0.0,0.0,0.0,0.0,0.0,0.0,53.258,3.6210000000000004,1.29,0.0,-0.05400000000000005,76.3,0.0,0.0,0.0,32.377,0.0,0.097,2.5420000000000003,0.0,0.0,0.0,0.0,0.0,0.0,0.0,7.776,-1.2910000000000001,0.0,0.0,8.039,49.53799999999999,0.0
hnncc_10013.pdb,0.0,-1.561,0.0,-1.9980000000000002,0.0,0.0,0.031,2.06,0.0,0.0,-3.81,0.0,1.09,0.0,0.0,0.0,0.0,0.0,-4.189,0.0,0.0,-3.532,0.0,-0.06699999999999995,0.0,0.0,0.526,-0.30999999999999994,0.0,0.0,0.0,0.0,-0.044,0.0,0.0,0.0,0.0,0.0,-3.4269999999999996,0.0,0.0,0.0,35.553,0.0,0.13800000000000004,3.5919999999999996,0.0,0.0,0.0,0.0,0.0,0.0,0.0,9.937000000000001,-2.03,0.0,0.0,4.127,51.377,0.055,0.0,0.0,47.019000000000005,0.0,0.17200000000000001,3.234,0.0,0.0,0.0,0.0,0.0,0.0,0.0,6.068,-1.0370000000000001,0.655,0.0,4.202,60.321000000000005,0.008,0.0,0.0,65.00900000000001,0.0,0.19200000000000003,3.387,0.0,0.0,0.0,0.0,0.0,0.0,0.0,9.440999999999999,-4.574999999999999,0.0,0.0,6.045,79.81599999999999,0.309,0.0,0.0,125.56200000000001,0.0,0.21600000000000003,6.0680000000000005,0.0,0.0,0.0,0.0,0.0,0.0,0.0,72.801,0.46000000000000024,0.0,0.0,2.306999999999999,207.736,0.318,0.0,0.0,0.0,0.0,0.0,0.0,0.0,0.0,0.0,0.0,0.0,0.0,0.0,0.0,0.0,0.0,0.0,0.0,0.0,0.0,0.0,0.0,62.074999999999996,0.0,0.034999999999999996,0.7609999999999999,0.0,0.0,0.0,0.0,0.0,0.0,0.0,40.202,1.28,1.516,0.0,-0.05400000000000005,105.816,0.0,0.0,0.0,14.613999999999999,0.0,0.09300000000000001,1.247,0.0,0.0,0.0,0.0,0.0,0.0,0.0,2.92,-2.1569999999999996,0.538,0.0,9.418,27.127000000000002,0.456
hnncc_10014.pdb,0.0,0.0,0.0,0.0,0.0,0.0,0.0,0.0,0.0,0.0,0.0,0.0,0.0,0.0,0.0,0.0,0.0,0.0,0.0,0.0,0.0,0.0,0.0,0.0,0.0,0.0,0.0,0.0,0.0,0.0,0.0,0.0,0.0,0.0,0.0,0.0,0.0,0.0,0.0,0.0,0.0,0.0,0.0,0.0,0.0,0.0,0.0,0.0,0.0,0.0,0.0,0.0,0.0,0.0,0.0,0.0,0.0,0.0,0.0,0.0,0.0,0.0,57.298,0.0,0.17300000000000001,4.167,0.0,0.0,0.0,0.0,0.0,0.0,0.0,5.9700000000000015,-0.7960000000000003,0.698,0.0,4.202,71.82200000000002,0.109,0.0,0.0,0.0,0.0,0.0,0.0,0.0,0.0,0.0,0.0,0.0,0.0,0.0,0.0,0.0,0.0,0.0,0.0,0.0,0.0,0.0,0.0,100.63399999999999,0.0,0.18400000000000002,7.7059999999999995,0.0,0.0,0.0,0.0,0.0,0.0,0.0,40.52199999999999,0.46199999999999986,0.0,0.0,2.306999999999999,151.87300000000002,0.058,0.0,0.0,0.0,0.0,0.0,0.0,0.0,0.0,0.0,0.0,0.0,0.0,0.0,0.0,0.0,0.0,0.0,0.0,0.0,0.0,0.0,0.0,0.0,0.0,0.0,0.0,0.0,0.0,0.0,0.0,0.0,0.0,0.0,0.0,0.0,0.0,0.0,0.0,0.0,0.0,0.0,0.0,0.0,0.0,0.0,0.0,0.0,0.0,0.0,0.0,0.0,0.0,0.0,0.0,0.0,0.0,0.0,0.0,0.0,0.0
