tcr_id,pdb_path,chainA_len,chainB_len,chainA_rg,chainB_rg,chainA_span,chainB_span,chainA_mean_b,chainB_mean_b,com_distance,interdomain_axis_angle_deg,interdomain_twist_deg,min_inter_ca_distance,contact_fraction_lt8A,contact_fraction_lt5A,has_chainA,has_chainB,chainA_sasa,chainB_sasa,complex_sasa,inter_chain_contact_area,framework_alignment_rmsd,rg_all,asphericity,acylindricity,eccentricity,bbox_volume,A_cdr1_len,A_cdr1_rg,A_cdr1_span,A_cdr1_centroid_x,A_cdr1_centroid_y,A_cdr1_centroid_z,A_cdr1_height_mean,A_cdr1_height_max,A_cdr1_orient_x,A_cdr1_orient_y,A_cdr1_orient_z,A_cdr1_sasa_mean,A_cdr1_sidechain_mid_max,A_cdr1_sidechain_mid_mean,A_cdr1_hydrophobic,A_cdr1_positive,A_cdr1_negative,A_cdr1_aromatic,A_cdr1_polar,A_cdr1_aa_A,A_cdr1_aa_C,A_cdr1_aa_D,A_cdr1_aa_E,A_cdr1_aa_F,A_cdr1_aa_G,A_cdr1_aa_H,A_cdr1_aa_I,A_cdr1_aa_K,A_cdr1_aa_L,A_cdr1_aa_M,A_cdr1_aa_N,A_cdr1_aa_P,A_cdr1_aa_Q,A_cdr1_aa_R,A_cdr1_aa_S,A_cdr1_aa_T,A_cdr1_aa_V,A_cdr1_aa_W,A_cdr1_aa_Y,A_cdr2_len,A_cdr2_rg,A_cdr2_span,A_cdr2_centroid_x,A_cdr2_centroid_y,A_cdr2_centroid_z,A_cdr2_height_mean,A_cdr2_height_max,A_cdr2_orient_x,A_cdr2_orient_y,A_cdr2_orient_z,A_cdr2_sasa_mean,A_cdr2_sidechain_mid_max,A_cdr2_sidechain_mid_mean,A_cdr2_hydrophobic,A_cdr2_positive,A_cdr2_negative,A_cdr2_aromatic,A_cdr2_polar,A_cdr2_aa_A,A_cdr2_aa_C,A_cdr2_aa_D,A_cdr2_aa_E,A_cdr2_aa_F,A_cdr2_aa_G,A_cdr2_aa_H,A_cdr2_aa_I,A_cdr2_aa_K,A_cdr2_aa_L,A_cdr2_aa_M,A_cdr2_aa_N,A_cdr2_aa_P,A_cdr2_aa_Q,A_cdr2_aa_R,A_cdr2_aa_S,A_cdr2_aa_T,A_cdr2_aa_V,A_cdr2_aa_W,A_cdr2_aa_Y,A_cdr3_len,A_cdr3_rg,A_cdr3_span,A_cdr3_centroid_x,A_cdr3_centroid_y,A_cdr3_centroid_z,A_cdr3_height_mean,A_cdr3_height_max,A_cdr3_orient_x,A_cdr3_orient_y,A_cdr3_orient_z,A_cdr3_sasa_mean,A_cdr3_sidechain_mid_max,A_cdr3_sidechain_mid_mean,A_cdr3_hydrophobic,A_cdr3_positive,A_cdr3_negative,A_cdr3_aromatic,A_cdr3_polar,A_cdr3_aa_A,A_cdr3_aa_C,A_cdr3_aa_D,A_cdr3_aa_E,A_cdr3_aa_F,A_cdr3_aa_G,A_cdr3_aa_H,A_cdr3_aa_I,A_cdr3_aa_K,A_cdr3_aa_L,A_cdr3_aa_M,A_cdr3_aa_N,A_cdr3_aa_P,A_cdr3_aa_Q,A_cdr3_aa_R,A_cdr3_aa_S,A_cdr3_aa_T,A_cdr3_aa_V,A_cdr3_aa_W,A_cdr3_aa_Y,B_cdr1_len,B_cdr1_rg,B_cdr1_span,B_cdr1_centroid_x,B_cdr1_centroid_y,B_cdr1_centroid_z,B_cdr1_height_mean,B_cdr1_height_max,B_cdr1_orient_x,B_cdr1_orient_y,B_cdr1_orient_z,B_cdr1_sasa_mean,B_cdr1_sidechain_mid_max,B_cdr1_sidechain_mid_mean,B_cdr1_hydrophobic,B_cdr1_positive,B_cdr1_negative,B_cdr1_aromatic,B_cdr1_polar,B_cdr1_aa_A,B_cdr1_aa_C,B_cdr1_aa_D,B_cdr1_aa_E,B_cdr1_aa_F,B_cdr1_aa_G,B_cdr1_aa_H,B_cdr1_aa_I,B_cdr1_aa_K,B_cdr1_aa_L,B_cdr1_aa_M,B_cdr1_aa_N,B_cdr1_aa_P,B_cdr1_aa_Q,B_cdr1_aa_R,B_cdr1_aa_S,B_cdr1_aa_T,B_cdr1_aa_V,B_cdr1_aa_W,B_cdr1_aa_Y,B_cdr2_len,B_cdr2_rg,B_cdr2_span,B_cdr2_centroid_x,B_cdr2_centroid_y,B_cdr2_centroid_z,B_cdr2_height_mean,B_cdr2_height_max,B_cdr2_orient_x,B_cdr2_orient_y,B_cdr2_orient_z,B_cdr2_sasa_mean,B_cdr2_sidechain_mid_max,B_cdr2_sidechain_mid_mean,B_cdr2_hydrophobic,B_cdr2_positive,B_cdr2_negative,B_cdr2_aromatic,B_cdr2_polar,B_cdr2_aa_A,B_cdr2_aa_C,B_cdr2_aa_D,B_cdr2_aa_E,B_cdr2_aa_F,B_cdr2_aa_G,B_cdr2_aa_H,B_cdr2_aa_I,B_cdr2_aa_K,B_cdr2_aa_L,B_cdr2_aa_M,B_cdr2_aa_N,B_cdr2_aa_P,B_cdr2_aa_Q,B_cdr2_aa_R,B_cdr2_aa_S,B_cdr2_aa_T,B_cdr2_aa_V,B_cdr2_aa_W,B_cdr2_aa_Y,B_cdr3_len,B_cdr3_rg,B_cdr3_span,B_cdr3_centroid_x,B_cdr3_centroid_y,B_cdr3_centroid_z,B_cdr3_height_mean,B_cdr3_height_max,B_cdr3_orient_x,B_cdr3_orient_y,B_cdr3_orient_z,B_cdr3_sasa_mean,B_cdr3_sidechain_mid_max,B_cdr3_sidechain_mid_mean,B_cdr3_hydrophobic,B_cdr3_positive,B_cdr3_negative,B_cdr3_aromatic,B_cdr3_polar,B_cdr3_aa_A,B_cdr3_aa_C,B_cdr3_aa_D,B_cdr3_aa_E,B_cdr3_aa_F,B_cdr3_aa_G,B_cdr3_aa_H,B_cdr3_aa_I,B_cdr3_aa_K,B_cdr3_aa_L,B_cdr3_aa_M,B_cdr3_aa_N,B_cdr3_aa_P,B_cdr3_aa_Q,B_cdr3_aa_R,B_cdr3_aa_S,B_cdr3_aa_T,B_cdr3_aa_V,B_cdr3_aa_W,B_cdr3_aa_Y
hnncc_1000,/Volumes/kkim14/data/maura_hnncc/Qing/tcrbuilder2_out/hnncc_1000.pdb,116,114,14.00533390045166,13.448750495910645,43.96675491333008,42.57001495361328,0.7249137931034484,0.6665789473684213,22.4150390625,111.27619171142578,71.61051940917969,4.9220404624938965,0.0029491833030852997,7.562008469449486e-05,True,True,5594.754474486339,5531.644942323074,11126.399416809414,0.0,,17.724971771240234,103.25194549560547,42.952213287353516,0.8477306365966797,73957.8515625,13,8.396112442016602,23.328540802001953,11.482693,6.9872303,1.9598463,-0.6247338652610779,8.315386772155762,-0.99478287,0.08225154,0.060347274,49.8050893038823,6.555416584014893,3.8988616466522217,7,1,2,6,7,0.0,0.0,0.07692307692307693,0.07692307692307693,0.07692307692307693,0.0,0.0,0.0,0.0,0.07692307692307693,0.0,0.0,0.0,0.0,0.07692307692307693,0.0,0.23076923076923078,0.0,0.07692307692307693,0.3076923076923077,13,8.47014045715332,24.03230857849121,4.5490766,13.8976145,13.552538,5.6350507736206055,9.956266403198242,-0.6243647,-0.18219952,0.75958675,70.95454237526107,4.145688056945801,3.9215996265411377,3,1,3,2,6,0.0,0.0,0.07692307692307693,0.15384615384615385,0.07692307692307693,0.07692307692307693,0.0,0.07692307692307693,0.0,0.0,0.0,0.07692307692307693,0.0,0.07692307692307693,0.07692307692307693,0.23076923076923078,0.0,0.0,0.0,0.07692307692307693,22,14.608325004577637,42.98192596435547,3.6478188,0.9314093,3.3065004,0.245680570602417,7.603461265563965,-0.5410175,-0.3207292,0.7774528,35.39536424304153,5.110293865203857,4.322021007537842,10,2,1,1,6,0.09090909090909091,0.0,0.045454545454545456,0.0,0.045454545454545456,0.09090909090909091,0.0,0.0,0.045454545454545456,0.18181818181818182,0.045454545454545456,0.13636363636363635,0.045454545454545456,0.045454545454545456,0.045454545454545456,0.045454545454545456,0.045454545454545456,0.09090909090909091,0.0,0.0,11,7.040165424346924,20.081083297729492,-3.9903638,6.550818,-10.726273,0.7324779033660889,6.416001796722412,0.63648695,-0.7019778,0.31954896,30.45923160506683,7.067023754119873,5.058290958404541,5,2,1,3,4,0.0,0.0,0.0,0.09090909090909091,0.0,0.0,0.09090909090909091,0.09090909090909091,0.0,0.09090909090909091,0.0,0.09090909090909091,0.09090909090909091,0.0,0.09090909090909091,0.09090909090909091,0.0,0.0,0.09090909090909091,0.18181818181818182,16,8.661310195922852,23.07977867126465,4.3730006,-4.5323124,-15.923251,-3.3728013038635254,10.396053314208984,-0.00059576076,-0.9992704,-0.038188346,66.39210849956996,6.4711833000183105,4.775376796722412,5,3,3,1,5,0.0625,0.0,0.0625,0.125,0.0625,0.0,0.0,0.0,0.0625,0.1875,0.0,0.0625,0.0,0.0625,0.125,0.1875,0.0,0.0,0.0,0.0,20,13.85771369934082,42.57001495361328,-5.4085503,2.0037992,-5.0361004,-1.51594877243042,6.50565242767334,-0.23120415,-0.97288334,0.006533332,44.22588116497171,6.266791820526123,4.685684680938721,8,1,1,3,7,0.0,0.0,0.05,0.0,0.05,0.2,0.0,0.0,0.0,0.1,0.0,0.0,0.05,0.0,0.05,0.05,0.2,0.15,0.0,0.1
hnncc_10000,/Volumes/kkim14/data/maura_hnncc/Qing/tcrbuilder2_out/hnncc_10000.pdb,109,115,13.350264549255371,13.327620506286621,42.01398849487305,41.04789352416992,0.4637614678899083,0.5082608695652173,22.809688568115234,109.83960723876953,111.56659698486328,4.116037845611572,0.0033506182688472276,0.00015955325089748703,True,True,5001.0980528604905,5383.010350519408,10384.108403379896,9.094947017729282e-13,,17.54698371887207,107.47098541259766,33.41920471191406,0.8441190123558044,70312.796875,12,7.9014787673950195,21.844820022583008,11.857833,5.368916,3.1132498,-0.3578634262084961,7.262044906616211,-0.9775253,0.19864182,-0.070609696,30.58246200490056,5.232489109039307,4.483423709869385,6,0,0,5,6,0.0,0.0,0.0,0.0,0.16666666666666666,0.16666666666666666,0.0,0.0,0.0,0.08333333333333333,0.0,0.08333333333333333,0.0,0.08333333333333333,0.0,0.08333333333333333,0.08333333333333333,0.0,0.08333333333333333,0.16666666666666666,11,7.385590076446533,20.80811309814453,3.656363,14.67118,13.437089,-4.277626991271973,8.68233871459961,-0.7878712,-0.24859504,0.5634354,66.55717991556118,6.298710823059082,5.135986804962158,3,2,3,1,1,0.0,0.0,0.09090909090909091,0.18181818181818182,0.09090909090909091,0.18181818181818182,0.0,0.0,0.09090909090909091,0.18181818181818182,0.0,0.0,0.0,0.0,0.09090909090909091,0.09090909090909091,0.0,0.0,0.0,0.0,19,13.716289520263672,42.01398849487305,4.2743683,-0.26684192,6.0447893,-0.042726390063762665,7.3899922370910645,-0.6031563,-0.31212544,0.7340165,44.58289823572734,6.158644199371338,3.8460021018981934,9,2,1,2,5,0.05263157894736842,0.0,0.05263157894736842,0.0,0.0,0.10526315789473684,0.0,0.15789473684210525,0.10526315789473684,0.10526315789473684,0.05263157894736842,0.05263157894736842,0.05263157894736842,0.05263157894736842,0.0,0.05263157894736842,0.05263157894736842,0.0,0.05263157894736842,0.05263157894736842,11,7.46842622756958,19.762901306152344,-4.092,5.835909,-10.928545,-0.8397721648216248,4.637036323547363,0.6078005,-0.6899105,0.39319488,34.59808000663889,4.734030723571777,3.273653745651245,6,2,1,3,4,0.09090909090909091,0.0,0.09090909090909091,0.0,0.0,0.0,0.09090909090909091,0.0,0.0,0.0,0.18181818181818182,0.09090909090909091,0.0,0.09090909090909091,0.09090909090909091,0.0,0.0,0.0,0.09090909090909091,0.18181818181818182,15,8.585172653198242,22.26034927368164,4.1077337,-4.367467,-14.862199,8.14539909362793,12.607908248901367,-0.12467376,-0.99207675,0.015497299,56.002025616343396,6.237086772918701,5.499166488647461,3,1,2,1,5,0.06666666666666667,0.0,0.06666666666666667,0.06666666666666667,0.0,0.26666666666666666,0.0,0.0,0.06666666666666667,0.0,0.0,0.0,0.06666666666666667,0.0,0.0,0.06666666666666667,0.2,0.06666666666666667,0.0,0.06666666666666667,22,13.772583961486816,40.76124954223633,-2.8268182,1.6991357,-5.5105453,-4.22917366027832,10.784381866455078,-0.2535871,-0.96730864,-0.002747509,45.98643562850955,6.476165294647217,4.752237796783447,6,1,2,2,10,0.0,0.0,0.09090909090909091,0.0,0.045454545454545456,0.13636363636363635,0.0,0.0,0.0,0.09090909090909091,0.0,0.0,0.045454545454545456,0.045454545454545456,0.045454545454545456,0.18181818181818182,0.18181818181818182,0.09090909090909091,0.0,0.045454545454545456
hnncc_10001,/Volumes/kkim14/data/maura_hnncc/Qing/tcrbuilder2_out/hnncc_10001.pdb,111,114,13.46817684173584,13.226959228515625,42.78306198120117,40.256202697753906,0.6778378378378378,0.7107017543859647,23.193660736083984,107.93627166748047,68.43833923339844,5.184727668762207,0.002212739054844318,0.0,True,True,4945.993663203323,5042.723602600249,9988.717265803572,0.0,,17.680265426635742,111.73653411865234,33.76362991333008,0.8484054207801819,71292.71875,12,7.945693492889404,22.231008529663086,12.082665,5.409834,2.9349165,0.14253433048725128,7.8763580322265625,-0.9799955,0.18893489,-0.062550165,32.97170709700621,5.239294052124023,4.507062911987305,6,0,0,5,6,0.0,0.0,0.0,0.0,0.16666666666666666,0.16666666666666666,0.0,0.0,0.0,0.08333333333333333,0.0,0.08333333333333333,0.0,0.08333333333333333,0.0,0.08333333333333333,0.08333333333333333,0.0,0.08333333333333333,0.16666666666666666,11,7.422269344329834,20.626699447631836,4.4945455,14.658908,13.357455,-4.87632417678833,9.234991073608398,-0.7331859,-0.24895099,0.63282055,70.07795137846598,6.322525978088379,5.101076602935791,3,2,3,1,1,0.0,0.0,0.09090909090909091,0.18181818181818182,0.09090909090909091,0.18181818181818182,0.0,0.0,0.09090909090909091,0.18181818181818182,0.0,0.0,0.0,0.0,0.09090909090909091,0.09090909090909091,0.0,0.0,0.0,0.0,21,13.990010261535645,42.78306198120117,5.093905,0.102047555,4.8209524,-0.04741012305021286,8.386865615844727,-0.5800263,-0.30396393,0.75576144,40.313381886576956,5.111505031585693,3.8271589279174805,7,2,0,1,8,0.09523809523809523,0.0,0.0,0.0,0.047619047619047616,0.14285714285714285,0.0,0.0,0.0,0.14285714285714285,0.0,0.0,0.047619047619047616,0.09523809523809523,0.09523809523809523,0.14285714285714285,0.14285714285714285,0.047619047619047616,0.0,0.0,11,7.132965087890625,20.293800354003906,-4.3090916,6.3809085,-10.599636,1.1219309568405151,7.051346778869629,0.5852751,-0.744338,0.3215805,28.851639802715763,4.715404033660889,2.9362869262695312,6,1,0,3,4,0.09090909090909091,0.0,0.0,0.0,0.0,0.09090909090909091,0.09090909090909091,0.09090909090909091,0.0,0.09090909090909091,0.0,0.0,0.09090909090909091,0.0,0.0,0.09090909090909091,0.09090909090909091,0.0,0.09090909090909091,0.18181818181818182,16,8.636474609375,23.651052474975586,3.3515625,-4.9360623,-16.194063,-3.0230541229248047,9.37417984008789,0.018297395,-0.9990499,0.03955382,54.0970285480152,6.2133307456970215,4.198501110076904,3,2,2,1,5,0.0625,0.0,0.125,0.0,0.0625,0.125,0.0,0.0,0.0625,0.0625,0.0,0.0625,0.125,0.0,0.0625,0.25,0.0,0.0,0.0,0.0,20,13.554290771484375,40.11410903930664,-4.0189,0.9248992,-5.3450994,-2.4045839309692383,10.049598693847656,-0.23314512,-0.9719932,0.029537411,42.03127260796117,6.534672260284424,5.519798278808594,6,1,1,3,10,0.0,0.0,0.0,0.05,0.05,0.15,0.0,0.0,0.0,0.05,0.0,0.0,0.05,0.05,0.05,0.15,0.2,0.1,0.0,0.1
hnncc_10002,/Volumes/kkim14/data/maura_hnncc/Qing/tcrbuilder2_out/hnncc_10002.pdb,111,114,13.514178276062012,13.54072093963623,43.03049087524414,41.8370361328125,0.6935135135135134,0.8416666666666666,22.957477569580078,106.87735748291016,86.98567199707031,5.338893890380859,0.002686897423739529,0.0,True,True,4996.179223543653,5563.5503289944045,10559.72955253805,3.637978807091713e-12,,17.740768432617188,111.00817108154297,33.6256103515625,0.8452305197715759,73376.8828125,12,7.936098575592041,21.943628311157227,11.895667,5.8923326,2.649,0.3906891345977783,8.17896556854248,-0.9793312,0.18772636,-0.07529404,33.92411023147339,5.206339359283447,4.473649978637695,6,0,0,5,6,0.0,0.0,0.0,0.0,0.16666666666666666,0.16666666666666666,0.0,0.0,0.0,0.08333333333333333,0.0,0.08333333333333333,0.0,0.08333333333333333,0.0,0.08333333333333333,0.08333333333333333,0.0,0.08333333333333333,0.16666666666666666,11,7.4313859939575195,20.846519470214844,4.258,15.050727,13.22991,-5.609856128692627,10.050445556640625,-0.73808116,-0.24515636,0.6285973,70.83738399298217,6.234489917755127,5.189855098724365,3,2,3,1,1,0.0,0.0,0.09090909090909091,0.18181818181818182,0.09090909090909091,0.18181818181818182,0.0,0.0,0.09090909090909091,0.18181818181818182,0.0,0.0,0.0,0.0,0.09090909090909091,0.09090909090909091,0.0,0.0,0.0,0.0,21,14.18203353881836,42.24302291870117,4.5473347,0.9655713,4.508428,-0.05413927510380745,8.784158706665039,-0.578219,-0.16393627,0.79924184,38.14970359579799,5.098910331726074,4.259095191955566,5,4,0,1,6,0.0,0.0,0.0,0.0,0.047619047619047616,0.23809523809523808,0.0,0.047619047619047616,0.14285714285714285,0.09523809523809523,0.0,0.047619047619047616,0.047619047619047616,0.047619047619047616,0.047619047619047616,0.14285714285714285,0.047619047619047616,0.047619047619047616,0.0,0.0,11,7.273332595825195,20.556095123291016,-4.731818,5.9809093,-11.097273,1.4553894996643066,5.6811065673828125,0.6176349,-0.68461984,0.38706952,32.67407498899955,4.749079704284668,3.6561355590820312,6,1,0,3,3,0.0,0.0,0.0,0.0,0.09090909090909091,0.09090909090909091,0.09090909090909091,0.09090909090909091,0.0,0.09090909090909091,0.0,0.09090909090909091,0.09090909090909091,0.0,0.0,0.0,0.09090909090909091,0.09090909090909091,0.09090909090909091,0.09090909090909091,16,8.750872611999512,24.296607971191406,4.3372498,-5.5811253,-15.329623,0.35535818338394165,7.237033367156982,-0.07309711,-0.995709,0.05675026,66.5716167476016,4.419931888580322,3.5098304748535156,4,3,3,1,3,0.0625,0.0,0.1875,0.0,0.0625,0.0625,0.0,0.0,0.0625,0.0625,0.0625,0.0625,0.125,0.0,0.125,0.125,0.0,0.0,0.0,0.0,20,13.774497985839844,41.434757232666016,-4.4287004,1.2325003,-4.924199,-3.9277145862579346,10.60224723815918,-0.2591666,-0.96397597,0.0598576,45.27733389869785,5.19317102432251,3.9521796703338623,7,1,1,2,6,0.05,0.0,0.0,0.05,0.1,0.2,0.0,0.0,0.0,0.1,0.0,0.0,0.05,0.1,0.05,0.05,0.15,0.1,0.0,0.0
hnncc_10003,/Volumes/kkim14/data/maura_hnncc/Qing/tcrbuilder2_out/hnncc_10003.pdb,109,121,13.259876251220703,13.830862045288086,40.415245056152344,44.54231643676758,0.5513761467889908,0.8926446280991734,22.99225616455078,110.05078887939453,72.31912231445312,5.360162258148193,0.0018196982333762983,0.0,True,True,4906.935221918147,5760.022593019184,10666.957814937332,-9.094947017729282e-13,,17.769729614257812,108.72688293457031,36.4510383605957,0.845140814781189,76327.2109375,12,7.9344801902771,22.403322219848633,12.051585,5.7367496,3.2324169,-0.45982471108436584,7.5199713706970215,-0.9863344,0.15402782,-0.058480103,33.46362500508817,5.1159186363220215,4.458169937133789,6,0,0,5,6,0.0,0.0,0.0,0.0,0.16666666666666666,0.16666666666666666,0.0,0.0,0.0,0.08333333333333333,0.0,0.08333333333333333,0.0,0.08333333333333333,0.0,0.08333333333333333,0.08333333333333333,0.0,0.08333333333333333,0.16666666666666666,11,7.313129901885986,20.3110408782959,3.9356368,14.719364,13.796091,-4.584507465362549,8.987728118896484,-0.7763832,-0.28079334,0.5642555,66.42181954089263,6.247434616088867,5.097195148468018,3,2,3,1,1,0.0,0.0,0.09090909090909091,0.18181818181818182,0.09090909090909091,0.18181818181818182,0.0,0.0,0.09090909090909091,0.18181818181818182,0.0,0.0,0.0,0.0,0.09090909090909091,0.09090909090909091,0.0,0.0,0.0,0.0,19,13.149670600891113,38.1890983581543,4.9991574,-0.16873665,6.1928954,0.2593977451324463,7.532421112060547,-0.5570432,-0.22336802,0.799881,39.15270956780741,6.251769065856934,3.893218994140625,9,2,1,2,5,0.10526315789473684,0.0,0.0,0.05263157894736842,0.0,0.10526315789473684,0.0,0.15789473684210525,0.10526315789473684,0.10526315789473684,0.0,0.05263157894736842,0.05263157894736842,0.05263157894736842,0.0,0.05263157894736842,0.05263157894736842,0.0,0.05263157894736842,0.05263157894736842,12,7.99461555480957,21.717288970947266,-4.2746663,6.0900836,-10.854584,2.187324285507202,7.715892791748047,0.522178,-0.76975274,0.36716598,35.951711932458615,4.913865089416504,2.9003920555114746,7,0,1,4,5,0.08333333333333333,0.0,0.08333333333333333,0.0,0.16666666666666666,0.0,0.0,0.0,0.0,0.08333333333333333,0.08333333333333333,0.0,0.0,0.08333333333333333,0.0,0.08333333333333333,0.16666666666666666,0.0,0.08333333333333333,0.08333333333333333,17,8.65733814239502,23.744707107543945,3.9661174,-7.3391175,-15.139234,-1.5509061813354492,11.00520133972168,-0.1544252,-0.9629025,0.22129534,73.26316701164626,4.723059177398682,4.503884315490723,5,3,4,2,4,0.058823529411764705,0.0,0.058823529411764705,0.17647058823529413,0.058823529411764705,0.11764705882352941,0.0,0.0,0.17647058823529413,0.058823529411764705,0.0,0.0,0.0,0.058823529411764705,0.0,0.058823529411764705,0.058823529411764705,0.058823529411764705,0.0,0.058823529411764705,25,14.205389022827148,44.54231643676758,-2.779,3.6459608,-5.803,-2.773817777633667,9.876535415649414,-0.31374055,-0.94741005,0.06309641,39.00908912653279,6.494485855102539,5.478092670440674,5,2,3,3,10,0.0,0.0,0.04,0.08,0.04,0.24,0.0,0.0,0.0,0.04,0.0,0.0,0.04,0.08,0.08,0.08,0.16,0.04,0.0,0.08
hnncc_10004,/Volumes/kkim14/data/maura_hnncc/Qing/tcrbuilder2_out/hnncc_10004.pdb,109,114,13.323136329650879,13.206531524658203,42.25453186035156,41.70438003540039,0.5538532110091742,0.5214912280701754,22.74974250793457,108.174072265625,124.98517608642578,3.702120065689087,0.0028166747143087076,0.00016095284081764043,True,True,5071.132735940137,5241.397972278747,10312.530708218888,-1.8189894035458565e-12,,17.471324920654297,109.21195220947266,32.3347282409668,0.8475089073181152,73185.8515625,12,7.853856086730957,21.704120635986328,11.586499,5.467167,2.3991668,-0.42702725529670715,6.892708778381348,-0.97648674,0.21111841,-0.04362002,33.231536706211564,5.162362098693848,4.306894302368164,6,0,0,5,6,0.0,0.0,0.0,0.0,0.16666666666666666,0.16666666666666666,0.0,0.0,0.0,0.08333333333333333,0.0,0.08333333333333333,0.0,0.08333333333333333,0.0,0.08333333333333333,0.08333333333333333,0.0,0.08333333333333333,0.16666666666666666,11,7.317087650299072,20.740636825561523,4.5386357,14.543909,13.539725,-4.610047340393066,8.74952220916748,-0.75671685,-0.2539323,0.60241014,67.18034394953258,5.3570332527160645,4.8076019287109375,3,2,3,1,1,0.0,0.0,0.09090909090909091,0.18181818181818182,0.09090909090909091,0.18181818181818182,0.0,0.0,0.09090909090909091,0.18181818181818182,0.0,0.0,0.0,0.0,0.09090909090909091,0.09090909090909091,0.0,0.0,0.0,0.0,19,13.712202072143555,42.25453186035156,3.7178416,-0.017894644,5.710053,-0.11343115568161011,7.8644819259643555,-0.61939776,-0.25522625,0.74243253,43.70097182714966,5.143733024597168,3.781615972518921,7,3,1,2,5,0.0,0.0,0.05263157894736842,0.0,0.05263157894736842,0.15789473684210525,0.0,0.05263157894736842,0.05263157894736842,0.15789473684210525,0.0,0.0,0.05263157894736842,0.0,0.10526315789473684,0.15789473684210525,0.05263157894736842,0.05263157894736842,0.0,0.05263157894736842,11,7.467142105102539,20.265331268310547,-3.9997277,6.038,-10.905364,-1.6172436475753784,9.67523193359375,0.5977751,-0.7040306,0.38341334,22.964337438589652,6.436351776123047,5.272762298583984,5,1,1,3,6,0.0,0.0,0.0,0.09090909090909091,0.0,0.0,0.09090909090909091,0.0,0.0,0.0,0.18181818181818182,0.18181818181818182,0.0,0.09090909090909091,0.0,0.09090909090909091,0.0,0.0,0.09090909090909091,0.18181818181818182,15,8.588248252868652,22.30214500427246,4.0080667,-4.1680665,-14.658401,7.213953495025635,13.124018669128418,-0.103368066,-0.9945023,0.016736869,60.008853936875816,6.253279209136963,4.864579677581787,4,2,4,1,3,0.0,0.0,0.13333333333333333,0.13333333333333333,0.0,0.13333333333333333,0.0,0.0,0.13333333333333333,0.0,0.0,0.06666666666666667,0.06666666666666667,0.0,0.0,0.0,0.06666666666666667,0.2,0.0,0.06666666666666667,21,13.525528907775879,41.434898376464844,-3.911762,1.4291903,-5.4676666,-0.29193195700645447,8.286493301391602,-0.23541029,-0.9716878,-0.020121314,43.72966283542602,5.224882125854492,5.116342544555664,8,1,2,3,8,0.0,0.0,0.0,0.09523809523809523,0.09523809523809523,0.09523809523809523,0.0,0.047619047619047616,0.0,0.14285714285714285,0.0,0.09523809523809523,0.047619047619047616,0.09523809523809523,0.047619047619047616,0.047619047619047616,0.09523809523809523,0.047619047619047616,0.0,0.047619047619047616
hnncc_10005,/Volumes/kkim14/data/maura_hnncc/Qing/tcrbuilder2_out/hnncc_10005.pdb,109,113,13.254063606262207,13.254738807678223,41.31669998168945,42.44353485107422,0.7095412844036696,0.6120353982300885,22.99344825744629,108.11170196533203,121.1950454711914,3.8211512565612793,0.0020297150280100674,8.118860112040269e-05,True,True,5041.012527878287,5377.075819164923,10418.088347043205,1.8189894035458565e-12,,17.544546127319336,110.46961212158203,33.17109298706055,0.8490464687347412,70323.7265625,12,7.821806907653809,21.775026321411133,11.576835,5.946584,2.4671667,-0.33447837829589844,7.243163108825684,-0.9812955,0.18464966,-0.05443906,35.16578807589047,5.152829647064209,4.434863090515137,6,0,0,5,6,0.0,0.0,0.0,0.0,0.16666666666666666,0.16666666666666666,0.0,0.0,0.0,0.08333333333333333,0.0,0.08333333333333333,0.0,0.08333333333333333,0.0,0.08333333333333333,0.08333333333333333,0.0,0.08333333333333333,0.16666666666666666,11,7.2943434715271,20.385286331176758,3.9509995,14.929728,12.937909,-4.499332427978516,9.068663597106934,-0.739647,-0.23168792,0.63185674,66.72171369080965,6.303835868835449,5.203701496124268,3,2,3,1,1,0.0,0.0,0.09090909090909091,0.18181818181818182,0.09090909090909091,0.18181818181818182,0.0,0.0,0.09090909090909091,0.18181818181818182,0.0,0.0,0.0,0.0,0.09090909090909091,0.09090909090909091,0.0,0.0,0.0,0.0,19,13.731109619140625,41.31669998168945,4.012632,0.3102103,5.949,-0.10362590104341507,7.491183280944824,-0.5927407,-0.19355963,0.78178847,40.232401548786314,2.760861396789551,2.5917742252349854,8,1,0,1,5,0.0,0.05263157894736842,0.0,0.0,0.05263157894736842,0.21052631578947367,0.05263157894736842,0.10526315789473684,0.0,0.10526315789473684,0.0,0.05263157894736842,0.05263157894736842,0.05263157894736842,0.0,0.05263157894736842,0.05263157894736842,0.15789473684210525,0.0,0.0,11,7.515702247619629,19.53113555908203,-4.0554547,5.5692725,-11.165909,-1.3314056396484375,9.454385757446289,0.62578535,-0.6927092,0.35853407,25.70844436567398,4.728122234344482,4.136386394500732,5,1,3,3,3,0.0,0.0,0.18181818181818182,0.09090909090909091,0.09090909090909091,0.0,0.09090909090909091,0.0,0.0,0.0,0.18181818181818182,0.09090909090909091,0.0,0.09090909090909091,0.0,0.0,0.0,0.0,0.09090909090909091,0.09090909090909091,15,8.685895919799805,22.652507781982422,3.9602,-4.759667,-15.292466,6.078934669494629,12.848031997680664,-0.0596743,-0.99769515,0.032303043,69.15698659960225,6.258774757385254,4.819095611572266,4,3,4,1,2,0.0,0.0,0.13333333333333333,0.13333333333333333,0.0,0.13333333333333333,0.0,0.06666666666666667,0.2,0.0,0.06666666666666667,0.0,0.06666666666666667,0.0,0.0,0.06666666666666667,0.0,0.06666666666666667,0.0,0.06666666666666667,20,13.87966251373291,42.44353485107422,-4.2874994,1.1420496,-5.3518505,0.3052363395690918,7.348916053771973,-0.2402884,-0.9702415,0.029881828,43.352824398398205,6.327221393585205,5.4290618896484375,5,2,3,3,7,0.0,0.0,0.1,0.05,0.05,0.15,0.0,0.0,0.0,0.05,0.0,0.0,0.1,0.05,0.1,0.05,0.15,0.05,0.0,0.1
hnncc_10006,/Volumes/kkim14/data/maura_hnncc/Qing/tcrbuilder2_out/hnncc_10006.pdb,109,115,13.31348705291748,13.521992683410645,40.81517028808594,42.351985931396484,0.5163302752293578,0.7226956521739131,23.028167724609375,108.38775634765625,87.38023376464844,4.549869060516357,0.0019146390107698445,0.00015955325089748703,True,True,4996.725948629974,5717.959746148417,10714.685694778387,1.8189894035458565e-12,,17.680513381958008,108.83412170410156,31.728252410888672,0.8399294018745422,71303.3828125,12,7.902368068695068,21.917238235473633,11.588084,5.5314164,3.0536668,-0.5142701268196106,7.241594314575195,-0.98701596,0.14900634,-0.059971385,28.299468717931955,5.142532825469971,4.31580924987793,6,0,0,5,6,0.0,0.0,0.0,0.0,0.16666666666666666,0.16666666666666666,0.0,0.0,0.0,0.08333333333333333,0.0,0.08333333333333333,0.0,0.08333333333333333,0.0,0.08333333333333333,0.08333333333333333,0.0,0.08333333333333333,0.16666666666666666,11,7.229832172393799,20.30661392211914,3.6485457,14.716274,13.493546,-4.773043632507324,9.134004592895508,-0.7448687,-0.27297643,0.60881406,65.5311494636667,6.284430027008057,5.167660236358643,3,2,3,1,1,0.0,0.0,0.09090909090909091,0.18181818181818182,0.09090909090909091,0.18181818181818182,0.0,0.0,0.09090909090909091,0.18181818181818182,0.0,0.0,0.0,0.0,0.09090909090909091,0.09090909090909091,0.0,0.0,0.0,0.0,19,13.706117630004883,39.663551330566406,4.472894,-0.14021045,6.2887893,0.2852286398410797,7.139565944671631,-0.5821508,-0.17685872,0.79361296,43.40258997079096,6.264564514160156,3.89865779876709,8,3,1,2,5,0.05263157894736842,0.0,0.05263157894736842,0.0,0.0,0.10526315789473684,0.0,0.15789473684210525,0.15789473684210525,0.10526315789473684,0.0,0.05263157894736842,0.05263157894736842,0.05263157894736842,0.0,0.05263157894736842,0.05263157894736842,0.0,0.05263157894736842,0.05263157894736842,11,7.219988822937012,20.613658905029297,-3.758455,6.164091,-10.967182,0.662346601486206,5.22767972946167,0.5851382,-0.73009306,0.35295516,38.27276894641766,6.441906452178955,5.026930332183838,7,1,0,5,5,0.0,0.0,0.0,0.0,0.09090909090909091,0.0,0.09090909090909091,0.09090909090909091,0.0,0.09090909090909091,0.0,0.09090909090909091,0.09090909090909091,0.0,0.0,0.09090909090909091,0.0,0.0,0.09090909090909091,0.2727272727272727,16,8.442500114440918,22.631481170654297,4.68825,-4.84175,-15.724502,2.5119032859802246,9.649693489074707,-0.13233496,-0.9806296,0.14440522,71.04826140065907,5.15194845199585,3.978883743286133,4,1,5,2,6,0.0,0.0,0.125,0.1875,0.125,0.0,0.0,0.125,0.0625,0.0,0.0,0.125,0.0,0.0625,0.0,0.1875,0.0,0.0,0.0,0.0,21,14.272433280944824,42.351985931396484,-3.0191429,1.8606678,-5.553191,-4.525095462799072,10.842377662658691,-0.2383586,-0.97060716,0.03327046,40.376263406732605,5.107532024383545,3.862014055252075,9,1,0,1,6,0.09523809523809523,0.0,0.0,0.0,0.047619047619047616,0.19047619047619047,0.0,0.0,0.0,0.14285714285714285,0.0,0.047619047619047616,0.047619047619047616,0.0,0.047619047619047616,0.14285714285714285,0.09523809523809523,0.14285714285714285,0.0,0.0
hnncc_10007,/Volumes/kkim14/data/maura_hnncc/Qing/tcrbuilder2_out/hnncc_10007.pdb,109,116,13.338638305664062,13.533329010009766,40.632911682128906,43.10618209838867,0.4828440366972477,0.6737931034482759,23.286846160888672,109.52916717529297,75.86064910888672,5.380009651184082,0.0018190446061372983,0.0,True,True,5047.889562161586,5973.601708688706,11021.491270850289,1.8189894035458565e-12,,17.777923583984375,112.1962661743164,33.21573257446289,0.8455687165260315,72646.1328125,12,7.994473934173584,22.493206024169922,12.336333,5.9625835,2.7990835,-0.24612776935100555,7.766355514526367,-0.98529,0.1640553,-0.04784946,33.365865972091306,5.16358757019043,4.232608318328857,6,0,0,5,6,0.0,0.0,0.0,0.0,0.16666666666666666,0.16666666666666666,0.0,0.0,0.0,0.08333333333333333,0.0,0.08333333333333333,0.0,0.08333333333333333,0.0,0.08333333333333333,0.08333333333333333,0.0,0.08333333333333333,0.16666666666666666,11,7.362674236297607,20.485502243041992,4.2940006,15.081274,13.48309,-4.638467311859131,9.14902400970459,-0.76191324,-0.26625088,0.59042245,66.95295890045774,6.113392353057861,5.114001750946045,3,2,3,1,1,0.0,0.0,0.09090909090909091,0.18181818181818182,0.09090909090909091,0.18181818181818182,0.0,0.0,0.09090909090909091,0.18181818181818182,0.0,0.0,0.0,0.0,0.09090909090909091,0.09090909090909091,0.0,0.0,0.0,0.0,19,13.469918251037598,38.7436408996582,4.9655786,0.22084208,5.873053,0.19410587847232819,7.312633514404297,-0.51551664,-0.24616686,0.82075846,43.25878968491122,6.265363693237305,3.8997466564178467,9,2,1,2,5,0.05263157894736842,0.0,0.05263157894736842,0.0,0.0,0.10526315789473684,0.0,0.15789473684210525,0.10526315789473684,0.15789473684210525,0.0,0.05263157894736842,0.05263157894736842,0.05263157894736842,0.0,0.05263157894736842,0.05263157894736842,0.0,0.05263157894736842,0.05263157894736842,12,7.976690292358398,21.755577087402344,-4.4300838,6.1889167,-11.217167,1.6549692153930664,7.139477252960205,0.5349932,-0.7501217,0.38871548,34.92906906944248,4.624887466430664,2.830432891845703,7,0,1,4,5,0.08333333333333333,0.0,0.08333333333333333,0.0,0.16666666666666666,0.0,0.0,0.0,0.0,0.08333333333333333,0.08333333333333333,0.0,0.0,0.08333333333333333,0.0,0.08333333333333333,0.16666666666666666,0.0,0.08333333333333333,0.08333333333333333,17,8.631070137023926,24.29212188720703,4.2271767,-7.3048825,-14.877352,-1.3092339038848877,10.87269115447998,-0.12949713,-0.98349625,0.12635505,79.76056902109401,5.008570194244385,4.578848838806152,5,3,4,2,4,0.058823529411764705,0.0,0.058823529411764705,0.17647058823529413,0.058823529411764705,0.11764705882352941,0.0,0.0,0.17647058823529413,0.058823529411764705,0.0,0.0,0.0,0.058823529411764705,0.0,0.058823529411764705,0.058823529411764705,0.058823529411764705,0.0,0.058823529411764705,20,14.02252197265625,43.10618209838867,-4.3896,1.5333997,-5.401651,-3.064849853515625,10.57473087310791,-0.31934753,-0.9448404,0.07275901,51.21705830583842,5.168186664581299,4.504339218139648,5,3,1,2,8,0.0,0.0,0.0,0.05,0.05,0.15,0.05,0.0,0.0,0.1,0.0,0.1,0.05,0.0,0.1,0.05,0.2,0.05,0.0,0.05
hnncc_10008,/Volumes/kkim14/data/maura_hnncc/Qing/tcrbuilder2_out/hnncc_10008.pdb,109,114,13.34864616394043,13.373947143554688,40.776039123535156,41.04022979736328,0.4538532110091743,0.47377192982456146,22.93769073486328,106.30628967285156,124.32750701904297,4.004155158996582,0.0024142926122646064,0.00024142926122646064,True,True,4979.62457592282,5342.485099624272,10322.109675547092,9.094947017729282e-13,,17.60682487487793,109.70738983154297,29.713470458984375,0.8401541709899902,72671.6484375,12,7.9082231521606445,22.01138687133789,11.974498,4.903667,3.0088332,-0.3191247284412384,7.533316612243652,-0.967693,0.23695524,-0.086154096,28.739366040460663,5.153361797332764,4.332433223724365,6,0,0,5,6,0.0,0.0,0.0,0.0,0.16666666666666666,0.16666666666666666,0.0,0.0,0.0,0.08333333333333333,0.0,0.08333333333333333,0.0,0.08333333333333333,0.0,0.08333333333333333,0.08333333333333333,0.0,0.08333333333333333,0.16666666666666666,11,7.373394012451172,20.756593704223633,4.2614546,14.731182,13.499091,-4.708131790161133,9.151778221130371,-0.78639024,-0.22933462,0.5735817,66.0236952142805,5.924614429473877,5.116397857666016,3,2,3,1,1,0.0,0.0,0.09090909090909091,0.18181818181818182,0.09090909090909091,0.18181818181818182,0.0,0.0,0.09090909090909091,0.18181818181818182,0.0,0.0,0.0,0.0,0.09090909090909091,0.09090909090909091,0.0,0.0,0.0,0.0,19,13.470479011535645,39.11704635620117,4.442368,-0.2822106,5.93979,0.34092065691947937,6.714029788970947,-0.5860035,-0.20354332,0.78432775,43.03819035571578,6.270493030548096,3.902005434036255,9,2,1,2,5,0.05263157894736842,0.0,0.05263157894736842,0.0,0.0,0.10526315789473684,0.0,0.15789473684210525,0.10526315789473684,0.15789473684210525,0.0,0.05263157894736842,0.05263157894736842,0.05263157894736842,0.0,0.05263157894736842,0.05263157894736842,0.0,0.05263157894736842,0.05263157894736842,11,7.495616436004639,20.22942352294922,-4.0492725,6.1223636,-11.293727,-0.9154323935508728,5.97770881652832,0.59374934,-0.71285695,0.37322482,29.613055618994373,4.731156826019287,3.5895721912384033,5,1,1,3,6,0.0,0.0,0.09090909090909091,0.0,0.0,0.0,0.09090909090909091,0.0,0.0,0.0,0.18181818181818182,0.18181818181818182,0.0,0.09090909090909091,0.0,0.09090909090909091,0.0,0.0,0.09090909090909091,0.18181818181818182,15,8.907999038696289,23.444372177124023,3.8847334,-4.145,-15.120597,8.988612174987793,11.382146835327148,-0.09646525,-0.9951989,-0.01653859,63.75176082849136,6.25291109085083,5.472622871398926,2,1,3,1,6,0.0,0.0,0.06666666666666667,0.13333333333333333,0.0,0.2,0.0,0.0,0.06666666666666667,0.0,0.0,0.13333333333333333,0.06666666666666667,0.0,0.0,0.06666666666666667,0.13333333333333333,0.06666666666666667,0.0,0.06666666666666667,21,14.025840759277344,41.04022979736328,-3.288,1.3725231,-5.231095,-3.8586437702178955,11.011441230773926,-0.19747533,-0.9795176,0.039352704,47.299389940651224,5.177590370178223,4.612381458282471,6,2,1,2,8,0.0,0.0,0.0,0.047619047619047616,0.047619047619047616,0.19047619047619047,0.047619047619047616,0.0,0.0,0.14285714285714285,0.0,0.09523809523809523,0.047619047619047616,0.0,0.047619047619047616,0.09523809523809523,0.14285714285714285,0.047619047619047616,0.0,0.047619047619047616
hnncc_10009,/Volumes/kkim14/data/maura_hnncc/Qing/tcrbuilder2_out/hnncc_10009.pdb,113,116,13.856104850769043,13.520581245422363,45.92892837524414,43.426361083984375,0.7657522123893805,0.6850862068965516,22.12268829345703,104.12353515625,84.91505432128906,4.727153301239014,0.00320415013732072,0.00015257857796765334,True,True,5005.770908038924,5477.514760547785,10483.285668586701,3.637978807091713e-12,,17.59747314453125,102.46327209472656,34.52910232543945,0.8354573249816895,74019.015625,12,8.01144790649414,22.494890213012695,11.631917,5.0880833,3.5935001,0.7108857035636902,8.347638130187988,-0.97895396,0.17579943,-0.10365166,34.01636728853626,5.126147270202637,4.429187774658203,6,0,0,5,6,0.0,0.0,0.0,0.0,0.16666666666666666,0.16666666666666666,0.0,0.0,0.0,0.08333333333333333,0.0,0.08333333333333333,0.0,0.08333333333333333,0.0,0.08333333333333333,0.08333333333333333,0.0,0.08333333333333333,0.16666666666666666,11,7.311343193054199,20.232093811035156,3.801,14.229364,13.676364,-6.297088146209717,10.866556167602539,-0.7524451,-0.23983009,0.61343944,66.23437612961686,6.0029730796813965,5.181203842163086,3,2,3,1,1,0.0,0.0,0.09090909090909091,0.18181818181818182,0.09090909090909091,0.18181818181818182,0.0,0.0,0.09090909090909091,0.18181818181818182,0.0,0.0,0.0,0.0,0.09090909090909091,0.09090909090909091,0.0,0.0,0.0,0.0,23,15.091453552246094,45.38161849975586,4.9122186,0.46156532,2.9859567,0.0983058288693428,7.0470075607299805,-0.6188533,-0.17824787,0.7650153,42.78644089166313,5.148837566375732,3.874361038208008,7,3,2,1,4,0.043478260869565216,0.0,0.08695652173913043,0.0,0.043478260869565216,0.2608695652173913,0.043478260869565216,0.08695652173913043,0.043478260869565216,0.13043478260869565,0.0,0.0,0.043478260869565216,0.043478260869565216,0.043478260869565216,0.043478260869565216,0.08695652173913043,0.0,0.0,0.0,11,7.077349662780762,20.25131607055664,-4.621363,5.8962727,-10.404728,1.4099583625793457,6.659292697906494,0.6033638,-0.72461367,0.33299717,27.13239693985344,6.222880840301514,4.467687129974365,4,2,0,2,4,0.0,0.0,0.0,0.0,0.0,0.09090909090909091,0.09090909090909091,0.09090909090909091,0.09090909090909091,0.0,0.0,0.0,0.09090909090909091,0.0,0.0,0.2727272727272727,0.0,0.09090909090909091,0.09090909090909091,0.09090909090909091,15,8.742175102233887,23.25523567199707,4.1238666,-4.182,-15.412665,-0.7140470743179321,8.581549644470215,0.036867388,-0.9964081,0.076235294,65.074419087861,6.730241298675537,5.054181098937988,2,4,4,2,2,0.0,0.0,0.06666666666666667,0.2,0.13333333333333333,0.13333333333333333,0.0,0.0,0.06666666666666667,0.0,0.0,0.06666666666666667,0.06666666666666667,0.0,0.2,0.06666666666666667,0.0,0.0,0.0,0.0,23,14.032529830932617,43.426361083984375,-2.9286087,2.4840004,-5.5146523,-3.509880304336548,10.075822830200195,-0.17716788,-0.9841707,0.0044077546,46.66111135141553,5.2177205085754395,4.740748882293701,10,1,1,3,6,0.08695652173913043,0.0,0.0,0.043478260869565216,0.08695652173913043,0.21739130434782608,0.0,0.0,0.0,0.17391304347826086,0.0,0.043478260869565216,0.043478260869565216,0.043478260869565216,0.043478260869565216,0.043478260869565216,0.08695652173913043,0.043478260869565216,0.0,0.043478260869565216
hnncc_1001,/Volumes/kkim14/data/maura_hnncc/Qing/tcrbuilder2_out/hnncc_1001.pdb,116,120,13.935467720031738,13.778361320495605,43.14139175415039,44.51932907104492,0.9099137931034483,1.1395833333333334,22.641071319580078,112.54561614990234,115.00945281982422,5.119997978210449,0.0022270114942528735,0.0,True,True,5436.870996211387,5809.483915721901,11246.35491193329,0.0,,17.891366958618164,106.15027618408203,46.01417541503906,0.8531011939048767,76296.6015625,13,8.387516021728516,23.66990089416504,12.083538,7.032231,2.3182306,-0.18246056139469147,7.582557678222656,-0.99481755,0.10109568,-0.010845527,44.55171516861776,6.73528528213501,3.9822194576263428,7,1,2,6,7,0.0,0.0,0.07692307692307693,0.07692307692307693,0.07692307692307693,0.0,0.0,0.0,0.0,0.07692307692307693,0.0,0.0,0.0,0.0,0.07692307692307693,0.0,0.23076923076923078,0.0,0.07692307692307693,0.3076923076923077,13,8.3443603515625,23.298267364501953,4.944616,14.003154,13.8033085,4.99086332321167,9.193410873413086,-0.622754,-0.20221755,0.75583434,67.64817657024412,4.697357654571533,3.9931604862213135,3,1,3,2,6,0.0,0.0,0.07692307692307693,0.15384615384615385,0.07692307692307693,0.07692307692307693,0.0,0.07692307692307693,0.0,0.0,0.0,0.07692307692307693,0.0,0.07692307692307693,0.07692307692307693,0.23076923076923078,0.0,0.0,0.0,0.07692307692307693,22,14.429529190063477,42.571632385253906,4.9259095,0.48586372,3.6981819,0.02670140750706196,7.738431930541992,-0.55302346,-0.27739283,0.7856324,42.0946083724946,5.210834503173828,4.642435550689697,9,1,1,2,7,0.09090909090909091,0.0,0.045454545454545456,0.0,0.045454545454545456,0.13636363636363635,0.0,0.0,0.045454545454545456,0.09090909090909091,0.0,0.0,0.045454545454545456,0.09090909090909091,0.0,0.09090909090909091,0.13636363636363635,0.13636363636363635,0.045454545454545456,0.0,12,7.830404281616211,21.4497013092041,-4.431583,6.8204994,-10.681168,-1.9051462411880493,8.854467391967773,0.56647295,-0.77125573,0.29029796,37.730544524774224,4.781938076019287,2.848696231842041,7,0,1,4,5,0.08333333333333333,0.0,0.08333333333333333,0.0,0.16666666666666666,0.0,0.0,0.0,0.0,0.08333333333333333,0.08333333333333333,0.0,0.0,0.08333333333333333,0.0,0.08333333333333333,0.16666666666666666,0.0,0.08333333333333333,0.08333333333333333,17,8.656596183776855,25.40462875366211,3.7545881,-6.4411764,-16.083706,4.285522937774658,12.808173179626465,-0.18149307,-0.9816842,0.057933543,69.60711305869079,4.681617736816406,4.468230247497559,5,3,4,2,4,0.058823529411764705,0.0,0.058823529411764705,0.17647058823529413,0.058823529411764705,0.11764705882352941,0.0,0.0,0.17647058823529413,0.058823529411764705,0.0,0.0,0.0,0.058823529411764705,0.0,0.058823529411764705,0.058823529411764705,0.058823529411764705,0.0,0.058823529411764705,24,14.034868240356445,44.51932907104492,-4.0897083,3.3897913,-5.0069165,1.569355845451355,8.62636947631836,-0.32156438,-0.9457331,0.046747394,50.443375141446204,6.5963053703308105,4.510669708251953,7,4,2,3,9,0.0,0.0,0.041666666666666664,0.041666666666666664,0.041666666666666664,0.08333333333333333,0.0,0.0,0.041666666666666664,0.125,0.0,0.0,0.041666666666666664,0.041666666666666664,0.125,0.125,0.16666666666666666,0.041666666666666664,0.041666666666666664,0.041666666666666664
hnncc_10010,/Volumes/kkim14/data/maura_hnncc/Qing/tcrbuilder2_out/hnncc_10010.pdb,109,115,13.338078498840332,13.49976634979248,40.9842414855957,42.10045623779297,0.4861467889908257,0.6147826086956524,23.611061096191406,107.86393737792969,114.73516082763672,4.757339000701904,0.001994415636218588,7.977662544874351e-05,True,True,5107.828950877222,5373.682157683182,10481.511108560404,0.0,,17.87183952331543,116.77029418945312,33.59905242919922,0.8512840867042542,72449.0078125,12,7.864302635192871,21.77248191833496,12.039498,5.3375,3.272,-0.37826991081237793,7.347743988037109,-0.97693664,0.20682837,-0.05307366,28.85413156168895,5.044472694396973,4.285927772521973,6,0,0,5,6,0.0,0.0,0.0,0.0,0.16666666666666666,0.16666666666666666,0.0,0.0,0.0,0.08333333333333333,0.0,0.08333333333333333,0.0,0.08333333333333333,0.0,0.08333333333333333,0.08333333333333333,0.0,0.08333333333333333,0.16666666666666666,11,7.310998439788818,20.628719329833984,4.163182,14.709,13.694727,-4.471890926361084,8.753596305847168,-0.7554621,-0.2560613,0.60308343,66.31470836736514,5.896644592285156,5.044295787811279,3,2,3,1,1,0.0,0.0,0.09090909090909091,0.18181818181818182,0.09090909090909091,0.18181818181818182,0.0,0.0,0.09090909090909091,0.18181818181818182,0.0,0.0,0.0,0.0,0.09090909090909091,0.09090909090909091,0.0,0.0,0.0,0.0,19,13.627583503723145,39.65424346923828,4.815684,0.099315815,6.4605265,0.04976099357008934,7.185345649719238,-0.56047505,-0.1680182,0.8109486,47.86989305675625,6.1904802322387695,3.8622000217437744,9,2,1,2,5,0.05263157894736842,0.0,0.05263157894736842,0.0,0.0,0.10526315789473684,0.0,0.15789473684210525,0.10526315789473684,0.10526315789473684,0.05263157894736842,0.05263157894736842,0.05263157894736842,0.05263157894736842,0.0,0.05263157894736842,0.05263157894736842,0.0,0.05263157894736842,0.05263157894736842,11,7.1270904541015625,20.30889129638672,-3.8685448,6.5904555,-10.4756365,-1.4596377611160278,7.766702175140381,0.5864567,-0.7520234,0.3008809,31.512926350670167,4.679462432861328,2.9266321659088135,6,1,0,3,4,0.09090909090909091,0.0,0.0,0.0,0.0,0.09090909090909091,0.09090909090909091,0.09090909090909091,0.0,0.09090909090909091,0.0,0.0,0.09090909090909091,0.0,0.0,0.09090909090909091,0.09090909090909091,0.0,0.09090909090909091,0.18181818181818182,16,8.66333293914795,23.62969207763672,3.5615,-4.951125,-16.56375,3.681596040725708,9.886868476867676,-0.036782943,-0.9989282,0.02809973,58.38582795153659,5.451430320739746,3.9276554584503174,3,2,2,1,5,0.0625,0.0,0.125,0.0,0.0625,0.125,0.0,0.0,0.0625,0.0625,0.0,0.0625,0.125,0.0,0.0625,0.25,0.0,0.0,0.0,0.0,21,13.984806060791016,41.95752716064453,-3.3626668,1.6025238,-5.3014765,2.141965627670288,10.860872268676758,-0.27329215,-0.96193016,-0.0013409536,44.49794739724251,6.430997371673584,5.5046234130859375,5,2,1,2,8,0.0,0.0,0.047619047619047616,0.0,0.047619047619047616,0.23809523809523808,0.0,0.0,0.0,0.09523809523809523,0.0,0.0,0.047619047619047616,0.047619047619047616,0.09523809523809523,0.09523809523809523,0.19047619047619047,0.047619047619047616,0.0,0.047619047619047616
hnncc_10011,/Volumes/kkim14/data/maura_hnncc/Qing/tcrbuilder2_out/hnncc_10011.pdb,109,116,13.335354804992676,13.445838928222656,40.699623107910156,42.17176055908203,0.4634862385321101,0.6981034482758623,23.283933639526367,109.39389038085938,82.6120834350586,5.458557605743408,0.0018981335020563112,0.0,True,True,5024.502365209425,5852.919286723904,10877.421651933328,9.094947017729282e-13,,17.74151611328125,112.39131927490234,32.6500244140625,0.8459876179695129,72293.15625,12,7.972509860992432,22.502460479736328,12.26725,5.875,2.7197497,-0.30463698506355286,7.661908149719238,-0.9861648,0.16235214,-0.03347796,30.59688086798298,5.163754940032959,4.331914901733398,6,0,0,5,6,0.0,0.0,0.0,0.0,0.16666666666666666,0.16666666666666666,0.0,0.0,0.0,0.08333333333333333,0.0,0.08333333333333333,0.0,0.08333333333333333,0.0,0.08333333333333333,0.08333333333333333,0.0,0.08333333333333333,0.16666666666666666,11,7.316688537597656,20.555330276489258,4.304909,15.022818,13.396637,-4.57274055480957,8.941439628601074,-0.75197756,-0.27686483,0.59822696,66.62611559755958,5.873263359069824,4.9720354080200195,3,2,3,1,1,0.0,0.0,0.09090909090909091,0.18181818181818182,0.09090909090909091,0.18181818181818182,0.0,0.0,0.09090909090909091,0.18181818181818182,0.0,0.0,0.0,0.0,0.09090909090909091,0.09090909090909091,0.0,0.0,0.0,0.0,19,13.462989807128906,39.19939422607422,5.1712627,0.15131569,5.870631,0.20576798915863037,7.434885025024414,-0.54423493,-0.22845022,0.8072291,44.09963662795056,6.229852199554443,3.8817150592803955,9,2,1,2,5,0.05263157894736842,0.0,0.05263157894736842,0.0,0.0,0.10526315789473684,0.0,0.15789473684210525,0.10526315789473684,0.10526315789473684,0.05263157894736842,0.05263157894736842,0.05263157894736842,0.05263157894736842,0.0,0.05263157894736842,0.05263157894736842,0.0,0.05263157894736842,0.05263157894736842,12,7.922895908355713,21.90022850036621,-4.765917,6.236666,-11.011417,1.5099462270736694,5.683344841003418,0.5606837,-0.74124485,0.3690391,39.77881685822252,4.971158504486084,2.9193813800811768,7,0,1,4,5,0.08333333333333333,0.0,0.08333333333333333,0.0,0.16666666666666666,0.0,0.0,0.0,0.0,0.08333333333333333,0.08333333333333333,0.0,0.0,0.08333333333333333,0.0,0.08333333333333333,0.16666666666666666,0.0,0.08333333333333333,0.08333333333333333,17,8.5336275100708,23.698026657104492,4.2728233,-7.014824,-14.937352,0.7764301896095276,9.117647171020508,-0.17990541,-0.96187055,0.20600747,72.46872401819958,4.277242660522461,4.155817985534668,5,3,4,2,4,0.058823529411764705,0.0,0.058823529411764705,0.17647058823529413,0.058823529411764705,0.11764705882352941,0.0,0.0,0.17647058823529413,0.058823529411764705,0.0,0.0,0.0,0.058823529411764705,0.0,0.058823529411764705,0.058823529411764705,0.058823529411764705,0.0,0.058823529411764705,20,13.777495384216309,42.17176055908203,-4.4202,1.3827499,-5.32635,-3.773160934448242,9.288853645324707,-0.31476718,-0.9484722,0.036361087,47.904869631336325,5.176040172576904,3.950542449951172,8,2,1,2,6,0.1,0.0,0.0,0.05,0.1,0.15,0.05,0.0,0.0,0.1,0.0,0.0,0.0,0.1,0.05,0.05,0.15,0.1,0.0,0.0
hnncc_10012,/Volumes/kkim14/data/maura_hnncc/Qing/tcrbuilder2_out/hnncc_10012.pdb,109,117,13.271631240844727,13.528975486755371,40.19381332397461,44.42216491699219,0.4597247706422019,0.7774358974358974,23.15476417541504,71.11941528320312,59.80330276489258,4.838237285614014,0.0018819101387908728,7.84129224496197e-05,True,True,4909.342084014659,5634.8174840047905,10544.159568019444,2.7284841053187847e-12,,17.708036422729492,114.0118408203125,33.82926940917969,0.8516002297401428,74043.40625,12,7.9654645919799805,22.536561965942383,12.308249,6.0441666,2.64925,-0.27362605929374695,7.291807174682617,-0.9860934,0.15777239,-0.052227225,32.33764678211505,5.2073798179626465,4.383253574371338,6,0,0,5,6,0.0,0.0,0.0,0.0,0.16666666666666666,0.16666666666666666,0.0,0.0,0.0,0.08333333333333333,0.0,0.08333333333333333,0.0,0.08333333333333333,0.0,0.08333333333333333,0.08333333333333333,0.0,0.08333333333333333,0.16666666666666666,11,7.2985100746154785,20.388595581054688,4.3151817,14.960001,13.409818,-4.355860710144043,8.53343391418457,-0.74749506,-0.29678154,0.59428257,64.76946861120786,5.840532302856445,5.103053092956543,3,2,3,1,1,0.0,0.0,0.09090909090909091,0.18181818181818182,0.09090909090909091,0.18181818181818182,0.0,0.0,0.09090909090909091,0.18181818181818182,0.0,0.0,0.0,0.0,0.09090909090909091,0.09090909090909091,0.0,0.0,0.0,0.0,19,13.64571475982666,40.152462005615234,5.1246314,0.23563194,6.2110534,0.396698534488678,6.809974193572998,-0.5117047,-0.250936,0.82169914,43.937105835976155,6.054040431976318,3.793435573577881,9,2,1,2,5,0.05263157894736842,0.0,0.05263157894736842,0.0,0.0,0.10526315789473684,0.0,0.15789473684210525,0.10526315789473684,0.10526315789473684,0.05263157894736842,0.05263157894736842,0.05263157894736842,0.05263157894736842,0.0,0.05263157894736842,0.05263157894736842,0.0,0.05263157894736842,0.05263157894736842,12,7.9106125831604,21.765172958374023,-4.7234163,6.017666,-11.109168,-2.4779720306396484,10.569883346557617,0.5405908,-0.74909204,0.38291332,41.94037606995681,4.81441068649292,2.8693699836730957,7,0,1,4,5,0.08333333333333333,0.0,0.08333333333333333,0.0,0.16666666666666666,0.0,0.0,0.0,0.0,0.08333333333333333,0.08333333333333333,0.0,0.0,0.08333333333333333,0.0,0.08333333333333333,0.16666666666666666,0.0,0.08333333333333333,0.08333333333333333,17,8.317832946777344,23.613162994384766,3.8021178,-7.155471,-15.204645,6.8641557693481445,15.149503707885742,-0.14739896,-0.9718289,0.18390793,75.08626427485183,4.427417278289795,4.366368293762207,5,3,4,2,4,0.058823529411764705,0.0,0.058823529411764705,0.17647058823529413,0.058823529411764705,0.11764705882352941,0.0,0.0,0.17647058823529413,0.058823529411764705,0.0,0.0,0.0,0.058823529411764705,0.0,0.058823529411764705,0.058823529411764705,0.058823529411764705,0.0,0.058823529411764705,21,14.079240798950195,43.7713737487793,-3.5330956,2.0322378,-4.8306675,0.7555822134017944,8.832564353942871,-0.3488902,-0.9370642,0.013651833,44.54121460806496,5.18181848526001,4.744810104370117,8,3,4,2,3,0.09523809523809523,0.0,0.09523809523809523,0.09523809523809523,0.09523809523809523,0.14285714285714285,0.0,0.0,0.0,0.14285714285714285,0.0,0.0,0.0,0.0,0.14285714285714285,0.047619047619047616,0.09523809523809523,0.047619047619047616,0.0,0.0
hnncc_10013,/Volumes/kkim14/data/maura_hnncc/Qing/tcrbuilder2_out/hnncc_10013.pdb,109,117,13.29272174835205,13.618228912353516,40.722476959228516,44.086212158203125,0.4856880733944954,0.7779487179487179,23.26139259338379,108.8323974609375,76.46221923828125,5.511453151702881,0.0017250842938916332,0.0,True,True,4929.3213440880545,5827.255478106651,10756.576822194707,-9.094947017729282e-13,,17.78580665588379,114.31232452392578,32.93218994140625,0.8484896421432495,74464.25,12,7.935537338256836,22.284215927124023,12.186001,5.9956665,2.9190834,-0.3638547360897064,7.763533115386963,-0.9888182,0.14222685,-0.04483308,31.816973876474787,5.144404888153076,4.211939811706543,6,0,0,5,6,0.0,0.0,0.0,0.0,0.16666666666666666,0.16666666666666666,0.0,0.0,0.0,0.08333333333333333,0.0,0.08333333333333333,0.0,0.08333333333333333,0.0,0.08333333333333333,0.08333333333333333,0.0,0.08333333333333333,0.16666666666666666,11,7.327600479125977,20.442209243774414,3.9975455,15.181909,13.284363,-4.589609622955322,9.103821754455566,-0.7628038,-0.26535118,0.5896771,66.55887180600482,5.869779586791992,5.015623092651367,3,2,3,1,1,0.0,0.0,0.09090909090909091,0.18181818181818182,0.09090909090909091,0.18181818181818182,0.0,0.0,0.09090909090909091,0.18181818181818182,0.0,0.0,0.0,0.0,0.09090909090909091,0.09090909090909091,0.0,0.0,0.0,0.0,19,13.257963180541992,38.608245849609375,5.2135262,0.05510501,5.962948,0.26245301961898804,7.375348091125488,-0.5090361,-0.2470076,0.8245419,40.56009082696939,6.230934143066406,3.883251190185547,9,2,1,2,5,0.05263157894736842,0.0,0.05263157894736842,0.0,0.0,0.10526315789473684,0.0,0.15789473684210525,0.10526315789473684,0.10526315789473684,0.05263157894736842,0.05263157894736842,0.05263157894736842,0.05263157894736842,0.0,0.05263157894736842,0.05263157894736842,0.0,0.05263157894736842,0.05263157894736842,12,7.903168678283691,21.725648880004883,-4.376833,6.1378326,-11.0135,2.002019166946411,7.055876731872559,0.5354487,-0.75944734,0.36950564,32.69978445047965,4.889134883880615,2.885812282562256,7,0,1,4,5,0.08333333333333333,0.0,0.08333333333333333,0.0,0.16666666666666666,0.0,0.0,0.0,0.0,0.08333333333333333,0.08333333333333333,0.0,0.0,0.08333333333333333,0.0,0.08333333333333333,0.16666666666666666,0.0,0.08333333333333333,0.08333333333333333,17,8.60417652130127,23.97583770751953,4.1087055,-7.4348826,-15.06641,-0.8225361108779907,10.47880744934082,-0.17483138,-0.97104466,0.16280769,78.86154795219635,4.6955790519714355,4.4813551902771,5,3,4,2,4,0.058823529411764705,0.0,0.058823529411764705,0.17647058823529413,0.058823529411764705,0.11764705882352941,0.0,0.0,0.17647058823529413,0.058823529411764705,0.0,0.0,0.0,0.058823529411764705,0.0,0.058823529411764705,0.058823529411764705,0.058823529411764705,0.0,0.058823529411764705,21,14.025070190429688,44.086212158203125,-3.743381,1.7702379,-4.933619,-3.5912258625030518,9.753774642944336,-0.36013272,-0.93213737,0.03774177,43.29475929881966,6.430244445800781,5.541563510894775,8,2,2,3,7,0.047619047619047616,0.0,0.0,0.09523809523809523,0.047619047619047616,0.14285714285714285,0.0,0.047619047619047616,0.0,0.09523809523809523,0.0,0.0,0.047619047619047616,0.047619047619047616,0.09523809523809523,0.047619047619047616,0.14285714285714285,0.047619047619047616,0.0,0.09523809523809523
hnncc_10014,/Volumes/kkim14/data/maura_hnncc/Qing/tcrbuilder2_out/hnncc_10014.pdb,109,116,13.313163757324219,13.464363098144531,40.97110366821289,42.00352096557617,0.5022018348623855,0.7567241379310345,23.481948852539062,110.05630493164062,68.99968719482422,4.772554874420166,0.0017399557102182853,7.908889591901297e-05,True,True,5058.906235385409,5757.80540772073,10816.71164310614,-9.094947017729282e-13,,17.805749893188477,115.55343627929688,34.137977600097656,0.8519591689109802,72773.3984375,12,7.975216388702393,22.682458877563477,12.388333,5.943834,3.0496666,-0.26036179065704346,7.40592098236084,-0.98178977,0.18102483,-0.057610363,33.46954167125242,5.130241870880127,4.353849411010742,6,0,0,5,6,0.0,0.0,0.0,0.0,0.16666666666666666,0.16666666666666666,0.0,0.0,0.0,0.08333333333333333,0.0,0.08333333333333333,0.0,0.08333333333333333,0.0,0.08333333333333333,0.08333333333333333,0.0,0.08333333333333333,0.16666666666666666,11,7.312406063079834,20.61001968383789,4.466273,14.978637,13.488181,-4.625136375427246,8.881691932678223,-0.77501786,-0.2677698,0.5724044,65.0022343517003,5.854266166687012,4.991574764251709,3,2,3,1,1,0.0,0.0,0.09090909090909091,0.18181818181818182,0.09090909090909091,0.18181818181818182,0.0,0.0,0.09090909090909091,0.18181818181818182,0.0,0.0,0.0,0.0,0.09090909090909091,0.09090909090909091,0.0,0.0,0.0,0.0,19,13.663992881774902,39.647918701171875,4.8623686,0.40621027,6.2396836,0.15310649573802948,7.3925042152404785,-0.58527166,-0.17963973,0.79068744,43.103596330599736,6.182790279388428,3.859639883041382,9,2,1,2,5,0.05263157894736842,0.0,0.05263157894736842,0.0,0.0,0.10526315789473684,0.0,0.15789473684210525,0.10526315789473684,0.10526315789473684,0.05263157894736842,0.05263157894736842,0.05263157894736842,0.05263157894736842,0.0,0.05263157894736842,0.05263157894736842,0.0,0.05263157894736842,0.05263157894736842,12,8.048262596130371,21.708749771118164,-4.3472505,6.376833,-10.9525,1.8419078588485718,8.435139656066895,0.5538237,-0.75855094,0.34333637,45.25989387068021,4.73664665222168,2.844578981399536,7,0,1,4,5,0.08333333333333333,0.0,0.08333333333333333,0.0,0.16666666666666666,0.0,0.0,0.0,0.0,0.08333333333333333,0.08333333333333333,0.0,0.0,0.08333333333333333,0.0,0.08333333333333333,0.16666666666666666,0.0,0.08333333333333333,0.08333333333333333,17,8.489957809448242,23.90077018737793,3.8272939,-7.392176,-15.713117,-2.555224895477295,12.509652137756348,-0.110750504,-0.9800605,0.16497208,77.35249981380733,4.769832134246826,4.4966301918029785,5,3,4,2,4,0.058823529411764705,0.0,0.058823529411764705,0.17647058823529413,0.058823529411764705,0.11764705882352941,0.0,0.0,0.17647058823529413,0.058823529411764705,0.0,0.0,0.0,0.058823529411764705,0.0,0.058823529411764705,0.058823529411764705,0.058823529411764705,0.0,0.058823529411764705,20,13.669404983520508,41.58451461791992,-4.0414,1.4211009,-4.9978,-2.740326404571533,10.577512741088867,-0.38347518,-0.9228183,0.036784127,41.29529421027881,5.152754306793213,4.987447738647461,5,3,2,2,5,0.0,0.0,0.05,0.05,0.1,0.15,0.05,0.05,0.0,0.1,0.0,0.0,0.1,0.15,0.1,0.05,0.05,0.0,0.0,0.0
hnncc_10015,/Volumes/kkim14/data/maura_hnncc/Qing/tcrbuilder2_out/hnncc_10015.pdb,109,114,13.317849159240723,13.343310356140137,40.44112777709961,41.37156677246094,0.4126605504587157,0.4047368421052632,22.92876434326172,105.93118286132812,122.59224700927734,4.149294853210449,0.0030581039755351682,0.00032190568163528087,True,True,5016.54567862842,5260.383885887824,10276.92956451624,2.7284841053187847e-12,,17.58061981201172,110.20869445800781,28.992645263671875,0.8405652642250061,73471.9296875,12,7.870255470275879,21.928739547729492,11.871583,4.982667,2.9469166,-0.3951597213745117,7.382149696350098,-0.97261095,0.22058696,-0.07327545,27.685505171245804,5.1485915184021,4.342812538146973,6,0,0,5,6,0.0,0.0,0.0,0.0,0.16666666666666666,0.16666666666666666,0.0,0.0,0.0,0.08333333333333333,0.0,0.08333333333333333,0.0,0.08333333333333333,0.0,0.08333333333333333,0.08333333333333333,0.0,0.08333333333333333,0.16666666666666666,11,7.383326053619385,20.776979446411133,4.264364,14.75,13.251819,-4.588459491729736,9.023077964782715,-0.7765558,-0.22206378,0.5896176,66.54251953064353,6.033562660217285,5.0511345863342285,3,2,3,1,1,0.0,0.0,0.09090909090909091,0.18181818181818182,0.09090909090909091,0.18181818181818182,0.0,0.0,0.09090909090909091,0.18181818181818182,0.0,0.0,0.0,0.0,0.09090909090909091,0.09090909090909091,0.0,0.0,0.0,0.0,19,13.477914810180664,39.707088470458984,4.383684,-0.28768414,6.0350003,0.25606173276901245,7.117919445037842,-0.6076159,-0.20244522,0.76799655,44.23691166054183,6.285992622375488,3.90966534614563,9,2,1,2,5,0.05263157894736842,0.0,0.05263157894736842,0.0,0.0,0.10526315789473684,0.0,0.15789473684210525,0.10526315789473684,0.10526315789473684,0.05263157894736842,0.05263157894736842,0.05263157894736842,0.05263157894736842,0.0,0.05263157894736842,0.05263157894736842,0.0,0.05263157894736842,0.05263157894736842,11,7.507094860076904,20.12925148010254,-4.2906365,6.197636,-11.018091,-1.1137419939041138,6.675893306732178,0.6258467,-0.70115733,0.3416056,24.269018019678924,4.744668006896973,3.53772234916687,5,1,1,3,6,0.0,0.0,0.09090909090909091,0.0,0.0,0.0,0.09090909090909091,0.0,0.0,0.0,0.18181818181818182,0.18181818181818182,0.0,0.09090909090909091,0.0,0.09090909090909091,0.0,0.0,0.09090909090909091,0.18181818181818182,15,8.934982299804688,23.381155014038086,3.6760666,-3.8252,-15.336668,8.978372573852539,11.3141450881958,-0.08072245,-0.99645054,-0.023878926,65.1327287230277,6.246352672576904,5.470324993133545,2,1,3,1,6,0.0,0.0,0.06666666666666667,0.13333333333333333,0.0,0.2,0.0,0.0,0.06666666666666667,0.0,0.0,0.13333333333333333,0.06666666666666667,0.0,0.0,0.06666666666666667,0.13333333333333333,0.06666666666666667,0.0,0.06666666666666667,21,13.945972442626953,41.37156677246094,-3.0575714,0.9825715,-5.153238,-3.5926997661590576,10.973392486572266,-0.22584681,-0.97411615,-0.009535826,44.15791158119416,5.146036148071289,5.0235514640808105,6,1,2,2,7,0.047619047619047616,0.0,0.0,0.09523809523809523,0.09523809523809523,0.19047619047619047,0.0,0.0,0.0,0.09523809523809523,0.0,0.047619047619047616,0.047619047619047616,0.047619047619047616,0.047619047619047616,0.09523809523809523,0.14285714285714285,0.047619047619047616,0.0,0.0
hnncc_10016,/Volumes/kkim14/data/maura_hnncc/Qing/tcrbuilder2_out/hnncc_10016.pdb,109,113,13.320780754089355,13.179915428161621,40.59619903564453,39.435020446777344,0.4832110091743119,0.4888495575221239,23.207609176635742,107.07833099365234,129.43661499023438,4.09407901763916,0.002922789640334497,0.00016237720224080538,True,True,4920.0492098311415,5238.2551858199495,10158.304395651085,3.637978807091713e-12,,17.611007690429688,113.10247802734375,29.453018188476562,0.8455711007118225,73894.28125,12,7.8627238273620605,21.979217529296875,11.889667,5.3434167,2.87325,-0.436598539352417,7.418943405151367,-0.9782776,0.197909,-0.061683428,27.92721302682769,5.10336446762085,4.323398590087891,6,0,0,5,6,0.0,0.0,0.0,0.0,0.16666666666666666,0.16666666666666666,0.0,0.0,0.0,0.08333333333333333,0.0,0.08333333333333333,0.0,0.08333333333333333,0.0,0.08333333333333333,0.08333333333333333,0.0,0.08333333333333333,0.16666666666666666,11,7.3586907386779785,20.683530807495117,4.263909,14.951818,13.265909,-4.64739465713501,9.101593017578125,-0.7686776,-0.23403734,0.5952826,66.4177731695548,5.8223958015441895,4.963489055633545,3,2,3,1,1,0.0,0.0,0.09090909090909091,0.18181818181818182,0.09090909090909091,0.18181818181818182,0.0,0.0,0.09090909090909091,0.18181818181818182,0.0,0.0,0.0,0.0,0.09090909090909091,0.09090909090909091,0.0,0.0,0.0,0.0,19,13.47120475769043,39.48090744018555,4.5491056,-0.088210605,5.9143686,0.2443867176771164,7.150744438171387,-0.60156804,-0.19223556,0.775346,43.14070283886015,6.172360897064209,3.8529915809631348,9,2,1,2,5,0.05263157894736842,0.0,0.05263157894736842,0.0,0.0,0.10526315789473684,0.0,0.15789473684210525,0.10526315789473684,0.10526315789473684,0.05263157894736842,0.05263157894736842,0.05263157894736842,0.05263157894736842,0.0,0.05263157894736842,0.05263157894736842,0.0,0.05263157894736842,0.05263157894736842,11,7.486047267913818,20.026668548583984,-4.282636,6.0209093,-11.236364,-1.5919266939163208,9.75347900390625,0.6072945,-0.7004795,0.3748623,26.1538056794255,6.6751532554626465,4.928525924682617,6,1,1,4,6,0.0,0.0,0.09090909090909091,0.0,0.0,0.0,0.09090909090909091,0.0,0.0,0.0,0.18181818181818182,0.18181818181818182,0.0,0.09090909090909091,0.0,0.0,0.0,0.0,0.09090909090909091,0.2727272727272727,15,8.64819622039795,22.494234085083008,3.8184662,-4.1592665,-15.3314,8.445466041564941,12.234617233276367,-0.066881634,-0.99766135,0.01409328,61.362304830798884,6.2235941886901855,5.486312389373779,4,1,2,1,4,0.06666666666666667,0.0,0.06666666666666667,0.06666666666666667,0.0,0.26666666666666666,0.0,0.06666666666666667,0.06666666666666667,0.0,0.0,0.13333333333333333,0.06666666666666667,0.0,0.0,0.0,0.06666666666666667,0.06666666666666667,0.0,0.06666666666666667,20,13.4845609664917,39.435020446777344,-3.9574502,0.09715013,-5.0243,-1.4205137491226196,9.235495567321777,-0.20364787,-0.97891605,0.015835673,43.32355732123737,5.144463062286377,4.952024936676025,5,2,2,2,7,0.0,0.0,0.05,0.05,0.05,0.2,0.05,0.05,0.0,0.1,0.0,0.0,0.05,0.1,0.05,0.1,0.1,0.0,0.0,0.05
hnncc_10017,/Volumes/kkim14/data/maura_hnncc/Qing/tcrbuilder2_out/hnncc_10017.pdb,108,112,13.258414268493652,12.994766235351562,40.731571197509766,38.09275817871094,0.5679629629629629,0.7188392857142857,22.888315200805664,109.52203369140625,132.3625946044922,3.4559643268585205,0.003472222222222222,0.00033068783068783067,True,True,4954.70844122438,5415.652616597188,10370.36105782157,-9.094947017729282e-13,,17.41227149963379,110.56022644042969,30.284587860107422,0.8480852246284485,71260.3984375,12,7.865565776824951,22.071224212646484,11.889501,5.704333,2.0823333,-0.49702203273773193,7.111559867858887,-0.97763115,0.20722415,-0.035993624,35.97950664986248,5.191786289215088,4.4426703453063965,6,0,0,5,6,0.0,0.0,0.0,0.0,0.16666666666666666,0.16666666666666666,0.0,0.0,0.0,0.08333333333333333,0.0,0.08333333333333333,0.0,0.08333333333333333,0.0,0.08333333333333333,0.08333333333333333,0.0,0.08333333333333333,0.16666666666666666,11,7.249664783477783,20.217172622680664,4.752363,14.936728,12.873453,-5.116940021514893,9.56024169921875,-0.7330176,-0.23336658,0.6389252,66.27518370459099,4.8046746253967285,4.683807849884033,3,2,3,1,1,0.0,0.0,0.09090909090909091,0.18181818181818182,0.09090909090909091,0.18181818181818182,0.0,0.0,0.09090909090909091,0.18181818181818182,0.0,0.0,0.0,0.0,0.09090909090909091,0.09090909090909091,0.0,0.0,0.0,0.0,18,13.398075103759766,40.731571197509766,3.3075552,-0.3863334,5.9098883,0.14933273196220398,8.098223686218262,-0.57321036,-0.26857916,0.7741416,37.36598084874935,5.09926700592041,4.417840480804443,7,2,1,1,5,0.05555555555555555,0.0,0.05555555555555555,0.0,0.05555555555555555,0.1111111111111111,0.0,0.0,0.05555555555555555,0.1111111111111111,0.05555555555555555,0.16666666666666666,0.05555555555555555,0.05555555555555555,0.05555555555555555,0.0,0.05555555555555555,0.1111111111111111,0.0,0.0,11,7.222273349761963,20.377511978149414,-3.8380907,5.9970903,-11.106637,-1.1795082092285156,8.652859687805176,0.6304469,-0.6756474,0.3821483,33.154972856451145,6.618254661560059,4.588968276977539,6,1,0,5,6,0.0,0.0,0.0,0.0,0.09090909090909091,0.0,0.09090909090909091,0.0,0.0,0.0,0.09090909090909091,0.0,0.0,0.09090909090909091,0.0,0.18181818181818182,0.09090909090909091,0.0,0.18181818181818182,0.18181818181818182,15,8.494227409362793,23.067245483398438,3.652933,-4.4136667,-15.216332,8.338461875915527,12.580730438232422,-0.14067516,-0.98145586,0.13021076,60.18899369739071,6.214081764221191,5.090638637542725,6,1,4,1,2,0.13333333333333333,0.0,0.2,0.06666666666666667,0.0,0.13333333333333333,0.0,0.06666666666666667,0.06666666666666667,0.0,0.0,0.0,0.06666666666666667,0.0,0.0,0.0,0.06666666666666667,0.13333333333333333,0.0,0.06666666666666667,19,13.01041030883789,37.865413665771484,-4.3549476,0.055579234,-4.9456315,-1.5951533317565918,8.983817100524902,-0.2653511,-0.96362585,0.031843342,43.45333958921102,6.487102508544922,5.793038845062256,6,1,2,3,9,0.05263157894736842,0.0,0.0,0.10526315789473684,0.05263157894736842,0.10526315789473684,0.0,0.0,0.0,0.05263157894736842,0.0,0.0,0.05263157894736842,0.05263157894736842,0.05263157894736842,0.05263157894736842,0.2631578947368421,0.05263157894736842,0.0,0.10526315789473684
hnncc_10018,/Volumes/kkim14/data/maura_hnncc/Qing/tcrbuilder2_out/hnncc_10018.pdb,110,114,13.390656471252441,13.349365234375,42.316829681396484,40.533565521240234,0.5843636363636364,0.6930701754385966,23.284101486206055,107.20244598388672,99.80789947509766,4.560588836669922,0.0027910685805422647,7.974481658692185e-05,True,True,4891.591381805121,5597.779928742709,10489.371310547833,-9.094947017729282e-13,,17.726869583129883,113.10200500488281,30.8624267578125,0.8446800112724304,71936.21875,12,7.965720176696777,22.273109436035156,11.777333,5.6476665,2.6859999,-0.03350810334086418,8.021655082702637,-0.98254204,0.18171908,-0.039866287,31.710400581689516,5.167752742767334,4.420821189880371,6,0,0,5,6,0.0,0.0,0.0,0.0,0.16666666666666666,0.16666666666666666,0.0,0.0,0.0,0.08333333333333333,0.0,0.08333333333333333,0.0,0.08333333333333333,0.0,0.08333333333333333,0.08333333333333333,0.0,0.08333333333333333,0.16666666666666666,11,7.357693195343018,20.584457397460938,4.229091,14.947274,13.367636,-4.92131233215332,9.4362211227417,-0.7593847,-0.27091414,0.5915575,67.26066247851294,6.0625901222229,4.986036777496338,3,2,3,1,1,0.0,0.0,0.09090909090909091,0.18181818181818182,0.09090909090909091,0.18181818181818182,0.0,0.0,0.09090909090909091,0.18181818181818182,0.0,0.0,0.0,0.0,0.09090909090909091,0.09090909090909091,0.0,0.0,0.0,0.0,20,13.939920425415039,42.316829681396484,4.55935,0.35429993,5.4410496,0.09108319133520126,8.12790298461914,-0.5049417,-0.23509195,0.83052135,34.83044190967568,5.194492816925049,3.2832565307617188,8,3,0,2,4,0.1,0.0,0.0,0.0,0.05,0.2,0.05,0.05,0.05,0.1,0.0,0.05,0.1,0.0,0.05,0.05,0.05,0.05,0.0,0.05,11,7.1025919914245605,20.180410385131836,-4.470727,6.0939097,-11.458634,0.7982189655303955,4.874005317687988,0.59088165,-0.6702815,0.44897833,28.377265024010345,4.731116771697998,3.5978991985321045,5,1,0,3,4,0.0,0.0,0.0,0.0,0.09090909090909091,0.09090909090909091,0.09090909090909091,0.09090909090909091,0.0,0.09090909090909091,0.0,0.09090909090909091,0.09090909090909091,0.0,0.0,0.18181818181818182,0.0,0.0,0.09090909090909091,0.09090909090909091,16,8.823186874389648,24.257991790771484,4.491812,-4.9659376,-14.977938,3.9374542236328125,8.69486141204834,-0.08120405,-0.9949151,0.059579056,70.46113386201864,4.569849491119385,3.57525897026062,4,1,4,1,4,0.0,0.0,0.1875,0.0625,0.0625,0.0625,0.0,0.0625,0.0,0.0,0.0625,0.125,0.125,0.0,0.0625,0.125,0.0,0.0625,0.0,0.0,20,13.551739692687988,39.91263198852539,-4.2416,0.8749002,-5.20275,-5.012331008911133,9.615638732910156,-0.19206469,-0.97965044,0.05827541,44.63961509444181,6.3916192054748535,5.523174285888672,7,1,2,3,9,0.0,0.0,0.05,0.05,0.05,0.1,0.0,0.0,0.0,0.1,0.0,0.0,0.05,0.05,0.05,0.05,0.25,0.1,0.0,0.1
hnncc_10019,/Volumes/kkim14/data/maura_hnncc/Qing/tcrbuilder2_out/hnncc_10019.pdb,110,116,13.362428665161133,13.500493049621582,41.788570404052734,43.058650970458984,0.6728181818181818,0.6469827586206897,23.20660400390625,110.64884948730469,66.30049133300781,4.986508369445801,0.0024294670846394984,7.836990595611286e-05,True,True,5083.490831527932,5746.096603936202,10829.587435464138,-1.8189894035458565e-12,,17.74823570251465,115.48574829101562,37.304161071777344,0.8585218191146851,71527.0234375,12,7.806209564208984,22.099063873291016,11.9435005,5.727083,2.7683334,0.21366703510284424,7.952420234680176,-0.9843582,0.17274736,-0.034600828,29.857163556163837,5.2057390213012695,4.481672286987305,6,0,0,5,6,0.0,0.0,0.0,0.0,0.16666666666666666,0.16666666666666666,0.0,0.0,0.0,0.08333333333333333,0.0,0.08333333333333333,0.0,0.08333333333333333,0.0,0.08333333333333333,0.08333333333333333,0.0,0.08333333333333333,0.16666666666666666,11,7.109941005706787,19.69753074645996,4.8349094,14.982272,13.348725,-5.312336444854736,9.777345657348633,-0.7249534,-0.29406163,0.6228726,69.08659725508315,5.870179176330566,5.095107078552246,3,2,3,1,1,0.0,0.0,0.09090909090909091,0.18181818181818182,0.09090909090909091,0.18181818181818182,0.0,0.0,0.09090909090909091,0.18181818181818182,0.0,0.0,0.0,0.0,0.09090909090909091,0.09090909090909091,0.0,0.0,0.0,0.0,20,14.034256935119629,40.57316970825195,4.6652,1.0007498,5.0952997,-0.10217590630054474,8.730388641357422,-0.53428346,-0.17097197,0.82783437,48.650404125552384,7.318294048309326,6.362616062164307,7,3,0,3,6,0.0,0.0,0.0,0.0,0.05,0.2,0.0,0.0,0.0,0.15,0.0,0.0,0.05,0.05,0.15,0.05,0.15,0.05,0.05,0.05,12,7.985396385192871,21.60584831237793,-4.2216663,6.0722504,-11.065499,2.15122127532959,9.89415454864502,0.5400902,-0.7526447,0.37660116,44.620964087175985,4.745447635650635,2.830282211303711,7,0,1,4,5,0.08333333333333333,0.0,0.08333333333333333,0.0,0.16666666666666666,0.0,0.0,0.0,0.0,0.08333333333333333,0.08333333333333333,0.0,0.0,0.08333333333333333,0.0,0.08333333333333333,0.16666666666666666,0.0,0.08333333333333333,0.08333333333333333,17,8.555805206298828,23.69662094116211,3.767706,-7.5389423,-15.106706,-4.374656677246094,13.803728103637695,-0.16599846,-0.9760956,0.14029194,74.39946407288944,4.966277122497559,4.423518657684326,5,3,4,2,4,0.058823529411764705,0.0,0.058823529411764705,0.17647058823529413,0.058823529411764705,0.11764705882352941,0.0,0.0,0.17647058823529413,0.058823529411764705,0.0,0.0,0.0,0.058823529411764705,0.0,0.058823529411764705,0.058823529411764705,0.058823529411764705,0.0,0.058823529411764705,20,14.088428497314453,43.0053825378418,-4.199,1.5513496,-4.9714503,-1.7343132495880127,9.562971115112305,-0.36142874,-0.9321647,0.020930728,50.72720547132743,6.374261856079102,5.526508808135986,6,2,2,3,9,0.0,0.0,0.05,0.05,0.05,0.1,0.0,0.0,0.0,0.1,0.0,0.0,0.05,0.05,0.1,0.05,0.25,0.05,0.0,0.1
hnncc_1002,/Volumes/kkim14/data/maura_hnncc/Qing/tcrbuilder2_out/hnncc_1002.pdb,115,110,14.043474197387695,13.067255973815918,45.551300048828125,40.34815979003906,0.8572173913043479,0.6905454545454546,23.083980560302734,114.78419494628906,125.2197494506836,3.63549542427063,0.0020553359683794467,7.905138339920949e-05,True,True,5605.134158383718,4984.404823304522,10589.538981688245,-1.8189894035458565e-12,,17.816621780395508,110.45113372802734,43.971500396728516,0.8590908050537109,73210.453125,13,8.394686698913574,23.698740005493164,11.778461,7.184539,2.154923,-0.2533971667289734,7.493289947509766,-0.99477506,0.09611936,0.03440529,39.3489100419932,6.573859214782715,3.9391908645629883,7,1,2,6,7,0.0,0.0,0.07692307692307693,0.07692307692307693,0.07692307692307693,0.0,0.0,0.0,0.0,0.07692307692307693,0.0,0.0,0.0,0.0,0.07692307692307693,0.0,0.23076923076923078,0.0,0.07692307692307693,0.3076923076923077,13,8.483716011047363,23.270954132080078,3.996385,14.801154,13.443694,4.737980365753174,8.704499244689941,-0.5967657,-0.20890264,0.77474546,77.14017881393694,3.9736852645874023,3.803386926651001,3,1,3,2,6,0.0,0.0,0.07692307692307693,0.15384615384615385,0.07692307692307693,0.07692307692307693,0.0,0.07692307692307693,0.0,0.0,0.0,0.07692307692307693,0.0,0.07692307692307693,0.07692307692307693,0.23076923076923078,0.0,0.0,0.0,0.07692307692307693,21,14.731502532958984,45.551300048828125,4.354476,0.24638103,3.9892385,0.19196535646915436,7.233618259429932,-0.5337744,-0.3261877,0.7801837,41.573249702057964,5.373964309692383,4.670202255249023,10,2,1,2,6,0.09523809523809523,0.0,0.047619047619047616,0.0,0.0,0.09523809523809523,0.0,0.14285714285714285,0.09523809523809523,0.09523809523809523,0.047619047619047616,0.047619047619047616,0.047619047619047616,0.047619047619047616,0.0,0.09523809523809523,0.047619047619047616,0.0,0.047619047619047616,0.047619047619047616,11,7.394672870635986,19.43791389465332,-3.881273,6.195818,-11.427636,-0.7763437628746033,8.770699501037598,0.5926779,-0.70993567,0.38042644,29.7597474327651,6.953248023986816,4.961267471313477,4,3,1,3,4,0.0,0.0,0.09090909090909091,0.0,0.0,0.09090909090909091,0.09090909090909091,0.0,0.09090909090909091,0.0,0.09090909090909091,0.0,0.0,0.09090909090909091,0.09090909090909091,0.0,0.09090909090909091,0.0,0.09090909090909091,0.18181818181818182,15,8.796740531921387,22.77433204650879,4.1624665,-4.4381332,-15.449599,6.497596263885498,12.869919776916504,-0.10239591,-0.9908658,0.087750055,62.5142581607109,6.250159740447998,5.3922810554504395,4,2,4,1,4,0.0,0.0,0.2,0.06666666666666667,0.0,0.13333333333333333,0.0,0.13333333333333333,0.13333333333333333,0.0,0.0,0.06666666666666667,0.0,0.0,0.0,0.13333333333333333,0.0,0.06666666666666667,0.0,0.06666666666666667,17,13.212980270385742,40.34815979003906,-5.903353,-0.60400075,-5.072823,-0.5094282627105713,7.7936320304870605,-0.29305172,-0.955761,-0.0253291,41.43054923575372,5.196141719818115,5.085609436035156,7,1,2,2,4,0.058823529411764705,0.0,0.058823529411764705,0.058823529411764705,0.11764705882352941,0.17647058823529413,0.0,0.0,0.0,0.058823529411764705,0.0,0.0,0.0,0.058823529411764705,0.058823529411764705,0.058823529411764705,0.11764705882352941,0.17647058823529413,0.0,0.0
hnncc_10020,/Volumes/kkim14/data/maura_hnncc/Qing/tcrbuilder2_out/hnncc_10020.pdb,109,112,13.343282699584961,13.196825981140137,40.451683044433594,39.92084503173828,0.48871559633027517,0.45151785714285714,23.261798858642578,106.93515014648438,125.73295593261719,4.036086559295654,0.002621231979030144,0.000163826998689384,True,True,4973.243561420408,5414.514254215975,10387.757815636383,-9.094947017729282e-13,,17.644439697265625,113.70846557617188,29.450027465820312,0.8456854820251465,75718.109375,12,7.905264854431152,22.129419326782227,12.163585,5.3645,2.6906664,-0.2134067267179489,7.680341720581055,-0.97944075,0.19676407,-0.044494085,30.27905536399726,5.147959232330322,4.382154941558838,6,0,0,5,6,0.0,0.0,0.0,0.0,0.16666666666666666,0.16666666666666666,0.0,0.0,0.0,0.08333333333333333,0.0,0.08333333333333333,0.0,0.08333333333333333,0.0,0.08333333333333333,0.08333333333333333,0.0,0.08333333333333333,0.16666666666666666,11,7.3608479499816895,20.664716720581055,4.480636,15.050729,13.194363,-4.609603404998779,8.862521171569824,-0.7616666,-0.2501174,0.59775025,67.50585407474833,5.920196056365967,5.010180950164795,3,2,3,1,1,0.0,0.0,0.09090909090909091,0.18181818181818182,0.09090909090909091,0.18181818181818182,0.0,0.0,0.09090909090909091,0.18181818181818182,0.0,0.0,0.0,0.0,0.09090909090909091,0.09090909090909091,0.0,0.0,0.0,0.0,19,13.535327911376953,39.52491760253906,4.6969476,0.07373709,5.606263,0.06572745740413666,7.757607460021973,-0.59686726,-0.18980372,0.7795665,42.82078023910468,6.245096206665039,3.8894741535186768,8,2,1,2,6,0.05263157894736842,0.0,0.05263157894736842,0.0,0.0,0.10526315789473684,0.0,0.15789473684210525,0.10526315789473684,0.10526315789473684,0.0,0.05263157894736842,0.05263157894736842,0.05263157894736842,0.0,0.10526315789473684,0.05263157894736842,0.0,0.05263157894736842,0.05263157894736842,11,7.534330368041992,19.867971420288086,-4.4885454,5.9697266,-11.032,-1.4921317100524902,10.023767471313477,0.63536364,-0.6920609,0.34258565,34.62949821796945,6.6091790199279785,5.050730228424072,6,1,2,4,5,0.0,0.0,0.09090909090909091,0.09090909090909091,0.0,0.0,0.09090909090909091,0.0,0.0,0.0,0.18181818181818182,0.09090909090909091,0.0,0.09090909090909091,0.0,0.0,0.0,0.0,0.09090909090909091,0.2727272727272727,15,8.681636810302734,22.302274703979492,3.5499332,-4.0847335,-15.612334,7.277619361877441,12.997345924377441,-0.11055168,-0.99285537,0.0449079,61.46652695764223,6.240041732788086,5.448995590209961,3,1,3,1,4,0.06666666666666667,0.0,0.06666666666666667,0.13333333333333333,0.0,0.26666666666666666,0.0,0.0,0.06666666666666667,0.0,0.0,0.06666666666666667,0.06666666666666667,0.0,0.0,0.0,0.13333333333333333,0.06666666666666667,0.0,0.06666666666666667,19,13.510376930236816,39.92084503173828,-4.3813157,-0.13247299,-4.8890533,-0.2691764235496521,8.785151481628418,-0.22361352,-0.9740047,0.036220532,49.549297217831416,6.452794075012207,5.819362640380859,7,2,2,3,6,0.0,0.0,0.0,0.10526315789473684,0.10526315789473684,0.10526315789473684,0.0,0.0,0.05263157894736842,0.15789473684210525,0.0,0.0,0.05263157894736842,0.05263157894736842,0.05263157894736842,0.05263157894736842,0.15789473684210525,0.05263157894736842,0.0,0.05263157894736842
hnncc_10021,/Volumes/kkim14/data/maura_hnncc/Qing/tcrbuilder2_out/hnncc_10021.pdb,112,111,13.587567329406738,13.154836654663086,43.48740768432617,39.904029846191406,0.7078571428571429,0.5927027027027028,22.878128051757812,106.77928924560547,72.10733795166016,4.2499494552612305,0.0022522522522522522,8.043758043758043e-05,True,True,5153.916077406271,5203.799504497921,10357.715581904204,-6.366462912410498e-12,,17.598617553710938,107.8915786743164,33.12446212768555,0.8429088592529297,72161.2890625,12,7.9580793380737305,22.032386779785156,11.74425,5.26025,2.7028334,0.3332787752151489,8.498844146728516,-0.98094684,0.19115204,-0.034703005,27.740452673954632,5.063501834869385,4.295623779296875,6,0,0,5,6,0.0,0.0,0.0,0.0,0.16666666666666666,0.16666666666666666,0.0,0.0,0.0,0.08333333333333333,0.0,0.08333333333333333,0.0,0.08333333333333333,0.0,0.08333333333333333,0.08333333333333333,0.0,0.08333333333333333,0.16666666666666666,11,7.324280261993408,20.277931213378906,4.5131817,14.640363,12.966636,-4.688378810882568,9.335489273071289,-0.7347513,-0.23149107,0.6376146,66.49078949481088,4.837881088256836,4.62537145614624,3,2,3,1,1,0.0,0.0,0.09090909090909091,0.18181818181818182,0.09090909090909091,0.18181818181818182,0.0,0.0,0.09090909090909091,0.18181818181818182,0.0,0.0,0.0,0.0,0.09090909090909091,0.09090909090909091,0.0,0.0,0.0,0.0,22,14.47706127166748,43.48740768432617,5.487501,0.8713637,3.900864,-0.46404579281806946,7.923117637634277,-0.5631629,-0.2365949,0.7917515,44.83299531615473,5.102459907531738,3.8546416759490967,7,2,1,2,6,0.0,0.0,0.0,0.045454545454545456,0.09090909090909091,0.22727272727272727,0.0,0.0,0.045454545454545456,0.13636363636363635,0.0,0.0,0.045454545454545456,0.045454545454545456,0.045454545454545456,0.09090909090909091,0.13636363636363635,0.09090909090909091,0.0,0.0,11,7.4158244132995605,20.004384994506836,-3.833909,6.2666354,-10.419273,0.24152010679244995,6.655738830566406,0.5832219,-0.7429675,0.32840765,32.29771675868881,4.738912582397461,3.1437933444976807,6,1,1,3,5,0.09090909090909091,0.0,0.09090909090909091,0.0,0.0,0.0,0.09090909090909091,0.0,0.0,0.09090909090909091,0.09090909090909091,0.18181818181818182,0.0,0.09090909090909091,0.0,0.0,0.0,0.0,0.09090909090909091,0.18181818181818182,15,8.609003067016602,22.483861923217773,3.1244664,-4.2094,-15.340667,-2.6235711574554443,10.881706237792969,-0.17070067,-0.985318,-0.0031058597,62.795150892021525,6.242403507232666,4.919950008392334,6,1,3,2,4,0.06666666666666667,0.0,0.13333333333333333,0.06666666666666667,0.06666666666666667,0.13333333333333333,0.0,0.13333333333333333,0.06666666666666667,0.0,0.0,0.06666666666666667,0.0,0.06666666666666667,0.0,0.06666666666666667,0.0,0.06666666666666667,0.0,0.06666666666666667,18,13.055937767028809,38.13936996459961,-5.441389,-0.659556,-4.763445,-2.2153217792510986,9.277069091796875,-0.3079135,-0.95099396,-0.02828016,41.17126915886333,5.163043022155762,4.825506210327148,8,1,1,2,5,0.16666666666666666,0.0,0.0,0.05555555555555555,0.1111111111111111,0.16666666666666666,0.0,0.0,0.0,0.05555555555555555,0.0,0.0,0.0,0.1111111111111111,0.05555555555555555,0.05555555555555555,0.1111111111111111,0.1111111111111111,0.0,0.0
hnncc_10022,/Volumes/kkim14/data/maura_hnncc/Qing/tcrbuilder2_out/hnncc_10022.pdb,112,112,13.64865779876709,13.256593704223633,44.599876403808594,39.55964660644531,0.706875,0.6030357142857143,22.684078216552734,105.97338104248047,80.42681884765625,4.947308540344238,0.0027104591836734694,0.00015943877551020407,True,True,5165.449316426943,5465.534384927917,10630.983701354853,3.637978807091713e-12,,17.59697151184082,104.92052459716797,32.055110931396484,0.8357370495796204,69297.8671875,12,7.855511665344238,21.88690757751465,11.713416,5.384584,3.0562499,0.16895711421966553,7.803163528442383,-0.97124016,0.21872693,-0.09408024,33.67178902871013,5.204111099243164,4.366055488586426,6,0,0,5,6,0.0,0.0,0.0,0.0,0.16666666666666666,0.16666666666666666,0.0,0.0,0.0,0.08333333333333333,0.0,0.08333333333333333,0.0,0.08333333333333333,0.0,0.08333333333333333,0.08333333333333333,0.0,0.08333333333333333,0.16666666666666666,11,7.421102046966553,20.217979431152344,3.946363,14.638,13.218091,-5.724365711212158,10.211894035339355,-0.7240372,-0.25940782,0.63912266,70.19144855306021,6.409518718719482,5.409461975097656,3,2,3,1,1,0.0,0.0,0.09090909090909091,0.18181818181818182,0.09090909090909091,0.18181818181818182,0.0,0.0,0.09090909090909091,0.18181818181818182,0.0,0.0,0.0,0.0,0.09090909090909091,0.09090909090909091,0.0,0.0,0.0,0.0,22,14.485247611999512,43.646121978759766,5.1804996,0.23754553,3.8109543,0.128446564078331,7.046971321105957,-0.5910991,-0.19383584,0.782962,42.029424894521924,5.084521770477295,3.8307316303253174,7,2,0,2,9,0.045454545454545456,0.0,0.0,0.0,0.045454545454545456,0.18181818181818182,0.0,0.045454545454545456,0.09090909090909091,0.09090909090909091,0.0,0.0,0.045454545454545456,0.045454545454545456,0.0,0.22727272727272727,0.09090909090909091,0.045454545454545456,0.0,0.045454545454545456,11,7.199655532836914,20.615942001342773,-4.103728,6.294363,-10.947091,0.48751088976860046,5.5784783363342285,0.5347883,-0.7616723,0.36586434,29.090556210425277,6.295522212982178,4.488126277923584,4,2,0,2,4,0.0,0.0,0.0,0.0,0.0,0.09090909090909091,0.09090909090909091,0.09090909090909091,0.09090909090909091,0.0,0.0,0.0,0.09090909090909091,0.0,0.0,0.2727272727272727,0.0,0.09090909090909091,0.09090909090909091,0.09090909090909091,15,8.835667610168457,23.487661361694336,4.375733,-4.489733,-15.319134,-1.5554945468902588,9.031510353088379,-0.042292606,-0.992299,0.1164215,70.5500533957661,6.688689708709717,5.144311904907227,2,4,4,2,2,0.0,0.0,0.06666666666666667,0.2,0.13333333333333333,0.13333333333333333,0.0,0.0,0.06666666666666667,0.0,0.0,0.06666666666666667,0.06666666666666667,0.0,0.2,0.06666666666666667,0.0,0.0,0.0,0.0,19,13.428065299987793,38.776611328125,-4.5159473,0.2479477,-5.5500526,-3.053360939025879,9.693075180053711,-0.24711373,-0.967656,0.05076027,42.86584324412777,5.152548313140869,5.146512985229492,7,1,1,2,6,0.05263157894736842,0.0,0.0,0.05263157894736842,0.10526315789473684,0.15789473684210525,0.0,0.0,0.0,0.10526315789473684,0.0,0.05263157894736842,0.05263157894736842,0.05263157894736842,0.05263157894736842,0.05263157894736842,0.15789473684210525,0.10526315789473684,0.0,0.0
hnncc_10023,/Volumes/kkim14/data/maura_hnncc/Qing/tcrbuilder2_out/hnncc_10023.pdb,110,115,13.307062149047852,13.452842712402344,43.03203201293945,42.40724563598633,0.5554545454545453,0.5316521739130435,22.562576293945312,72.5528335571289,53.420570373535156,3.967020034790039,0.002924901185770751,0.00015810276679841898,True,True,4854.998072876995,5186.123584759911,10041.12165763691,-1.8189894035458565e-12,,17.500755310058594,107.51531219482422,33.34751892089844,0.8453869223594666,73348.4921875,12,7.905786037445068,21.937284469604492,11.855,5.1720834,2.35275,0.1402101069688797,7.7403035163879395,-0.9764167,0.20785138,-0.058379404,33.10529704141481,5.113785266876221,4.441031455993652,6,0,0,5,6,0.0,0.0,0.0,0.0,0.16666666666666666,0.16666666666666666,0.0,0.0,0.0,0.08333333333333333,0.0,0.08333333333333333,0.0,0.08333333333333333,0.0,0.08333333333333333,0.08333333333333333,0.0,0.08333333333333333,0.16666666666666666,11,7.166357517242432,20.120817184448242,4.7580914,14.525544,12.838455,-4.476572513580322,9.061120986938477,-0.7526198,-0.25506094,0.6070481,61.64574305183703,6.346574783325195,5.239472389221191,3,2,3,1,1,0.0,0.0,0.09090909090909091,0.18181818181818182,0.09090909090909091,0.18181818181818182,0.0,0.0,0.09090909090909091,0.18181818181818182,0.0,0.0,0.0,0.0,0.09090909090909091,0.09090909090909091,0.0,0.0,0.0,0.0,20,14.2230224609375,43.03203201293945,4.4620004,0.6864,5.2685003,-0.3145660161972046,9.216767311096191,-0.53101444,-0.208172,0.821394,41.81458188299835,5.107570171356201,3.4019622802734375,7,2,0,3,8,0.0,0.0,0.0,0.0,0.05,0.2,0.0,0.05,0.1,0.05,0.0,0.0,0.05,0.1,0.0,0.05,0.15,0.1,0.0,0.1,11,7.408694267272949,19.869657516479492,-4.6506367,5.836819,-10.598637,-1.838016152381897,9.38012409210205,0.623521,-0.7038836,0.34024918,25.015502702873015,6.477771282196045,4.975459575653076,6,1,2,4,5,0.0,0.0,0.09090909090909091,0.09090909090909091,0.0,0.0,0.09090909090909091,0.0,0.0,0.0,0.18181818181818182,0.09090909090909091,0.0,0.09090909090909091,0.0,0.0,0.0,0.0,0.09090909090909091,0.2727272727272727,15,8.71120834350586,22.391380310058594,3.257733,-4.0007334,-15.041733,8.58816146850586,11.484428405761719,-0.07367264,-0.9972819,-0.001105068,53.76368106304663,5.389581203460693,4.684738636016846,3,1,3,1,4,0.06666666666666667,0.0,0.06666666666666667,0.13333333333333333,0.0,0.26666666666666666,0.0,0.0,0.06666666666666667,0.0,0.0,0.06666666666666667,0.06666666666666667,0.0,0.0,0.0,0.13333333333333333,0.06666666666666667,0.0,0.06666666666666667,22,14.099905014038086,42.349308013916016,-3.3614092,1.6551818,-4.856091,-1.6853299140930176,9.938079833984375,-0.21263517,-0.97705895,0.011920728,48.09754533661672,5.138640403747559,4.1762237548828125,9,1,2,3,8,0.045454545454545456,0.0,0.0,0.09090909090909091,0.09090909090909091,0.13636363636363635,0.0,0.0,0.0,0.045454545454545456,0.045454545454545456,0.045454545454545456,0.0,0.045454545454545456,0.045454545454545456,0.09090909090909091,0.13636363636363635,0.13636363636363635,0.0,0.045454545454545456
hnncc_10024,/Volumes/kkim14/data/maura_hnncc/Qing/tcrbuilder2_out/hnncc_10024.pdb,109,115,13.304363250732422,13.572673797607422,40.990196228027344,42.503143310546875,0.5065137614678898,0.7890434782608694,23.118223190307617,108.9389877319336,124.2947769165039,4.472272872924805,0.002313522138013562,7.977662544874351e-05,True,True,4912.736713106938,5621.285136481307,10534.021849588245,-9.094947017729282e-13,,17.726409912109375,111.97510528564453,33.779693603515625,0.847551167011261,70841.671875,12,7.910808086395264,21.867870330810547,11.991417,5.4492497,2.8301666,-0.4700404703617096,7.37236213684082,-0.98464376,0.17094599,-0.03541384,28.80913871890179,5.167304039001465,4.28169059753418,6,0,0,5,6,0.0,0.0,0.0,0.0,0.16666666666666666,0.16666666666666666,0.0,0.0,0.0,0.08333333333333333,0.0,0.08333333333333333,0.0,0.08333333333333333,0.0,0.08333333333333333,0.08333333333333333,0.0,0.08333333333333333,0.16666666666666666,11,7.216484069824219,20.436767578125,3.9359086,14.715092,13.516092,-4.568205833435059,8.866850852966309,-0.7510777,-0.2860021,0.5950505,66.77294678380439,5.954927444458008,4.993228435516357,3,2,3,1,1,0.0,0.0,0.09090909090909091,0.18181818181818182,0.09090909090909091,0.18181818181818182,0.0,0.0,0.09090909090909091,0.18181818181818182,0.0,0.0,0.0,0.0,0.09090909090909091,0.09090909090909091,0.0,0.0,0.0,0.0,19,13.68356990814209,39.895729064941406,4.8245263,-0.12431575,6.164158,0.17782846093177795,7.222745418548584,-0.5875509,-0.1634676,0.79250383,43.809733103429004,6.264492988586426,3.8986120223999023,9,2,1,2,5,0.05263157894736842,0.0,0.05263157894736842,0.0,0.0,0.10526315789473684,0.0,0.15789473684210525,0.10526315789473684,0.10526315789473684,0.05263157894736842,0.05263157894736842,0.05263157894736842,0.05263157894736842,0.0,0.05263157894736842,0.05263157894736842,0.0,0.05263157894736842,0.05263157894736842,11,7.457125186920166,20.295312881469727,-4.1972723,6.309091,-10.937636,-1.890695571899414,9.654914855957031,0.613866,-0.7178775,0.3283603,34.47913473918466,4.747744560241699,3.1875505447387695,6,2,0,3,4,0.09090909090909091,0.0,0.0,0.0,0.0,0.09090909090909091,0.18181818181818182,0.0,0.0,0.09090909090909091,0.09090909090909091,0.09090909090909091,0.0,0.09090909090909091,0.0,0.0,0.0,0.0,0.09090909090909091,0.18181818181818182,15,8.79499626159668,23.577844619750977,3.3544,-5.760667,-16.046,8.824126243591309,13.86257266998291,-0.170043,-0.9843285,0.04672033,75.52587036558157,3.7443807125091553,3.3041789531707764,4,2,3,1,5,0.0,0.0,0.0,0.2,0.06666666666666667,0.0,0.0,0.0,0.0,0.06666666666666667,0.0,0.13333333333333333,0.06666666666666667,0.0,0.13333333333333333,0.2,0.0,0.13333333333333333,0.0,0.0,22,14.10924243927002,42.03844451904297,-2.6523182,1.9953179,-5.504909,-0.6820119023323059,8.952750205993652,-0.2615915,-0.9647482,0.028825428,42.61456880300093,5.171195983886719,3.5493950843811035,9,1,0,1,8,0.09090909090909091,0.0,0.0,0.0,0.045454545454545456,0.18181818181818182,0.0,0.0,0.0,0.13636363636363635,0.0,0.045454545454545456,0.0,0.045454545454545456,0.045454545454545456,0.09090909090909091,0.18181818181818182,0.13636363636363635,0.0,0.0
hnncc_10025,/Volumes/kkim14/data/maura_hnncc/Qing/tcrbuilder2_out/hnncc_10025.pdb,107,112,13.06778621673584,13.151359558105469,39.87836837768555,39.718536376953125,0.6540186915887851,0.5455357142857143,23.19405746459961,108.45831298828125,121.25694274902344,3.7197425365448,0.0030040053404539386,8.344459279038718e-05,True,True,4902.559724767564,5113.984612655407,10016.544337422965,2.7284841053187847e-12,,17.501676559448242,115.92626953125,31.350250244140625,0.8565143942832947,74360.890625,12,7.869687080383301,22.065038681030273,11.496917,6.063083,2.1836665,-0.7649645805358887,6.815026760101318,-0.98520267,0.17059645,0.016511418,36.57358496224896,5.154830455780029,4.375699520111084,6,0,0,5,6,0.0,0.0,0.0,0.0,0.16666666666666666,0.16666666666666666,0.0,0.0,0.0,0.08333333333333333,0.0,0.08333333333333333,0.0,0.08333333333333333,0.0,0.08333333333333333,0.08333333333333333,0.0,0.08333333333333333,0.16666666666666666,11,7.118141174316406,19.79766273498535,4.308364,14.786545,13.494364,-4.517726898193359,8.851455688476562,-0.7325483,-0.3146968,0.6036049,67.57288538039998,6.251397132873535,5.2666239738464355,3,2,3,1,1,0.0,0.0,0.09090909090909091,0.18181818181818182,0.09090909090909091,0.18181818181818182,0.0,0.0,0.09090909090909091,0.18181818181818182,0.0,0.0,0.0,0.0,0.09090909090909091,0.09090909090909091,0.0,0.0,0.0,0.0,17,13.190421104431152,39.85550308227539,3.123,-0.6748826,7.567529,0.7888047695159912,6.191768169403076,-0.48702127,-0.27144113,0.8301386,38.39573894686031,3.1830949783325195,3.1830949783325195,7,2,1,1,4,0.058823529411764705,0.0,0.058823529411764705,0.0,0.058823529411764705,0.11764705882352941,0.0,0.0,0.058823529411764705,0.11764705882352941,0.058823529411764705,0.11764705882352941,0.058823529411764705,0.058823529411764705,0.058823529411764705,0.0,0.058823529411764705,0.11764705882352941,0.0,0.0,11,7.482854843139648,19.70988655090332,-4.124909,6.040637,-10.878,-1.7638561725616455,9.932168960571289,0.6074927,-0.7084219,0.35929257,26.39397872419644,6.491461753845215,5.1810383796691895,5,1,1,3,6,0.0,0.0,0.0,0.09090909090909091,0.0,0.0,0.09090909090909091,0.0,0.0,0.0,0.18181818181818182,0.18181818181818182,0.0,0.09090909090909091,0.0,0.09090909090909091,0.0,0.0,0.09090909090909091,0.18181818181818182,15,8.60216999053955,22.978641510009766,4.0822,-4.1378665,-14.841601,6.350103855133057,12.516735076904297,-0.10150691,-0.9948287,0.003474963,58.37338436483511,6.29258918762207,4.763731956481934,4,2,4,1,3,0.0,0.0,0.13333333333333333,0.13333333333333333,0.0,0.13333333333333333,0.0,0.0,0.13333333333333333,0.0,0.0,0.06666666666666667,0.06666666666666667,0.0,0.0,0.0,0.06666666666666667,0.2,0.0,0.06666666666666667,19,13.404122352600098,39.21344757080078,-4.1526318,0.1645792,-5.1399474,0.35610610246658325,10.57020378112793,-0.23930734,-0.9708203,-0.015485992,42.049101906866404,5.178747177124023,5.169243812561035,5,2,1,2,6,0.0,0.0,0.0,0.05263157894736842,0.10526315789473684,0.15789473684210525,0.0,0.0,0.0,0.10526315789473684,0.0,0.10526315789473684,0.10526315789473684,0.05263157894736842,0.10526315789473684,0.05263157894736842,0.10526315789473684,0.05263157894736842,0.0,0.0
hnncc_10026,/Volumes/kkim14/data/maura_hnncc/Qing/tcrbuilder2_out/hnncc_10026.pdb,106,115,13.04545783996582,13.429513931274414,39.88658142089844,42.13551330566406,0.6664150943396228,0.8682608695652174,23.26507568359375,106.29104614257812,81.72515869140625,4.358312606811523,0.002378999179655455,8.203445447087777e-05,True,True,4746.886105597001,5693.858088194978,10440.744193791976,1.8189894035458565e-12,,17.622896194458008,112.30379486083984,27.591533660888672,0.8407558798789978,74537.0234375,12,7.853409767150879,21.81322479248047,11.953834,5.8556666,2.3105001,-0.8196789622306824,6.963859558105469,-0.98553115,0.16765581,-0.024894929,36.0763567153849,5.252389430999756,4.478283882141113,6,0,0,5,6,0.0,0.0,0.0,0.0,0.16666666666666666,0.16666666666666666,0.0,0.0,0.0,0.08333333333333333,0.0,0.08333333333333333,0.0,0.08333333333333333,0.0,0.08333333333333333,0.08333333333333333,0.0,0.08333333333333333,0.16666666666666666,11,7.290175914764404,20.2221622467041,4.535,14.715911,13.490091,-4.784580707550049,9.028456687927246,-0.7439024,-0.25427336,0.6180245,66.8430911221764,6.2328290939331055,5.2364020347595215,3,2,3,1,1,0.0,0.0,0.09090909090909091,0.18181818181818182,0.09090909090909091,0.18181818181818182,0.0,0.0,0.09090909090909091,0.18181818181818182,0.0,0.0,0.0,0.0,0.09090909090909091,0.09090909090909091,0.0,0.0,0.0,0.0,16,12.701833724975586,38.50221633911133,3.540188,-0.76218736,7.1225004,0.6450018882751465,6.1424126625061035,-0.5246083,-0.29874516,0.7972059,35.57916276424063,2.6479203701019287,2.087040424346924,5,3,1,1,4,0.0625,0.0,0.0625,0.0,0.0625,0.125,0.0,0.0,0.0625,0.0625,0.0625,0.0625,0.0625,0.0,0.125,0.0625,0.125,0.0625,0.0,0.0,11,7.042019844055176,20.218297958374023,-5.1614537,6.152454,-10.823636,1.4153000116348267,6.3770751953125,0.6638475,-0.6566687,0.35790038,26.77162900588581,4.7151899337768555,3.9984798431396484,5,1,1,3,4,0.0,0.0,0.09090909090909091,0.0,0.0,0.09090909090909091,0.09090909090909091,0.09090909090909091,0.0,0.09090909090909091,0.0,0.09090909090909091,0.09090909090909091,0.0,0.0,0.09090909090909091,0.0,0.0,0.09090909090909091,0.18181818181818182,16,8.739097595214844,23.832902908325195,4.089688,-3.8408747,-15.270373,0.012512028217315674,7.729608058929443,0.041019756,-0.9982701,0.042123444,70.01644456349567,4.635531425476074,3.61609148979187,3,3,3,1,5,0.0,0.0,0.0625,0.125,0.0625,0.0625,0.0,0.0,0.125,0.0625,0.0625,0.125,0.0625,0.0625,0.0625,0.125,0.0,0.0,0.0,0.0,21,13.954046249389648,41.95501708984375,-4.0391903,1.773666,-5.2101426,-3.7861251831054688,10.423981666564941,-0.15075478,-0.9878182,0.03857679,49.10863434665078,6.450021743774414,5.5256524085998535,4,2,3,2,8,0.0,0.0,0.047619047619047616,0.09523809523809523,0.047619047619047616,0.19047619047619047,0.0,0.0,0.0,0.047619047619047616,0.0,0.0,0.047619047619047616,0.14285714285714285,0.09523809523809523,0.047619047619047616,0.14285714285714285,0.047619047619047616,0.0,0.047619047619047616
